track,frame,x,y,intensity
1,1,24.4637638776546,28.0118672002975,1037.85130837206
1,2,24.6943434130528,28.1538372561177,850.199369158227
1,3,24.9870940071582,28.4189892406092,612.193013758719
1,4,24.7722190258762,28.6563089282664,853.899399075265
1,5,24.4351961424873,28.7050608400377,909.160847243064
1,6,24.8553446828721,28.5592035344216,1104.36182292011
1,7,24.5341720570975,29.2067728698794,1184.65452885245
1,8,23.7204944303626,28.9943344383916,1056.04267459502
1,9,23.8596173804639,29.2460860596036,1026.33845162668
1,10,24.0870325386238,29.1920357229844,734.527790923811
1,11,24.1843215056715,28.999610771301,961.931913603259
1,12,24.3990824368578,28.9234937656756,1129.25655285096
1,13,24.4167417301701,28.0650216908514,808.061206103159
1,14,24.2647711727228,28.178273686996,727.376014030206
1,15,24.3489136951396,28.5859466489482,1026.18363308555
1,16,24.7256835684763,28.6527885902139,1071.81511165899
1,17,24.6053273149746,28.4302577658567,1266.03680995546
1,18,24.7337678598428,28.641004320102,822.783182698611
1,19,24.8848791881854,28.1961434360991,1405.72364460522
1,20,24.755152368542,28.5698789617406,1065.42760438867
1,21,24.1111556070546,28.0390729382485,901.609293887459
1,22,24.3676563365375,28.4788793046181,726.566694710949
1,23,24.2789950500243,28.0552458804752,883.768736698784
1,24,24.0816508292221,28.0956326146196,1062.74701469459
1,25,24.1018419730093,28.4337171538765,1255.84408467291
1,26,24.7275630596415,28.0255585565694,953.975489488085
1,27,24.6811606352384,28.6080660197551,1041.18850265548
1,28,24.9243026512032,28.3652670480036,998.124636360804
1,29,24.7930502032836,28.7348715344024,849.134874809955
1,30,24.9009416308299,28.5221542372148,1330.72409395895
1,31,24.538930833541,29.069616045512,679.540347657592
1,32,24.5135613316064,28.8402508573637,943.788609162473
1,33,24.7844977294175,28.5458362657904,991.769003198432
1,34,24.6039527401779,28.8606552238375,1449.83458011589
1,35,25.1338701929054,28.8747368425249,1208.06975945642
1,36,25.1827051036636,28.808407869625,971.633131261469
1,37,24.6344272489099,28.2321120927896,842.916120147279
1,38,24.6228765293114,28.5619525559323,758.824522473246
1,39,24.7492593561859,28.0630161432928,713.701293701083
1,40,24.9859230664846,27.867935909073,747.242308917781
1,41,25.0274702022145,27.8920888445262,974.283268310983
1,42,24.488684114824,27.8011845225864,648.67511370629
1,43,24.956334196831,28.3916795064404,1231.94672956869
1,44,24.5607667866605,28.7448542714179,534.677021148858
1,45,24.9304154082119,28.8905513515245,1088.24590574741
1,46,24.7765445466514,28.6069137161073,1037.57625608361
1,47,24.8480574295292,29.2004178405888,889.756527405317
1,48,25.0777822435039,28.8331608560207,1124.60460510689
1,49,24.8153176323808,28.8103462389786,989.338830416079
1,50,24.2280034392328,29.5996980087525,1347.72591312356
1,51,24.4857707681466,29.0805871077346,808.495045014912
1,52,24.6502720102713,29.0099679992576,997.775309160828
1,53,24.7528949905094,29.4687839931431,947.479991036518
1,54,24.7184779318137,29.4454596454182,1046.986968893
1,55,24.6662204929383,29.8345461614271,1219.58056582509
1,56,24.9878687437237,29.7172933429,885.198022384886
1,57,24.6081244429657,29.6183909619263,606.705627255434
1,58,24.4156921222717,29.6678568033021,1007.37348115085
1,59,24.9741249699038,29.8510323569982,1088.76253671651
1,60,24.6101708284391,29.5656811193719,1078.37085366156
1,61,25.3387768617505,29.8174168068892,1096.48565267057
1,62,25.9068233634102,29.6868819161109,662.983531206095
1,63,25.4680090571637,29.4136028269008,992.495088123895
1,64,25.7448249159629,29.3962069146899,814.546226974169
1,65,25.7414413014683,29.4499463526753,1071.65728841606
1,66,25.6926324427661,29.4066132173417,1061.00300623973
1,67,25.6830519781547,29.8037286904918,734.203460250785
1,68,25.9079241684724,29.5295628169737,598.04462944938
1,69,25.7073943853073,29.4999335753833,903.03559888465
1,70,25.3926982649712,29.4803532613623,1206.52876338158
1,71,25.0416328822776,29.6666019720076,1189.01229008601
1,72,24.9624433311331,29.9537449059538,814.865443242451
1,73,25.5923910914085,29.5831898156874,935.351056211192
1,74,25.4856553353746,30.422270740828,1099.29576018136
1,75,25.6145338810991,30.9049206237814,1182.47047761079
1,76,25.6400897396402,31.0379946841572,1237.62897725482
1,77,25.9394797356521,31.2124997057617,1124.5754982512
1,78,25.7733945602582,30.830574212103,1028.74540287814
1,79,25.656659227044,30.4891020536466,1008.53627856287
1,80,25.8160869176386,30.9109944927369,1006.36052409949
1,81,25.7390202080054,30.5518409862972,1427.77302459717
1,82,26.0428835681482,30.2069727569372,860.15503171948
1,83,26.4887850444924,30.3308227860802,952.334672240996
1,84,25.6140208944853,30.8174433229992,626.595481791277
1,85,26.5407337122278,29.8044695535946,860.942185574313
1,86,26.8793467606497,30.9036403238656,1320.56491906381
1,87,27.0119951260192,30.5819034406809,801.009952370155
1,88,27.3560194421946,30.263055241788,1059.9491768199
1,89,27.2702435053951,30.52414427388,924.269554001911
1,90,26.9108121875508,30.4554036403049,1311.48827498359
1,91,27.2237767366662,30.4826556157492,1123.38606213856
1,92,26.7451362811711,30.6125028727175,1221.23012156493
1,93,27.1384919873717,30.4971689113709,913.645232791499
1,94,26.7368189616538,29.9473636590282,1241.69719976444
1,95,27.3879384411163,30.2958475260407,600.274440696053
1,96,27.2821086089582,30.0473520129192,1280.0759226892
1,97,27.3058254984432,29.4449681881751,1239.31741128804
1,98,26.7153228010956,29.7453288313233,993.834730580594
1,99,26.0012319323832,29.4714940676643,1030.50461128574
1,100,25.7023591196322,29.8562955888506,1232.58299713826
1,101,25.929121783876,29.3737319264763,900.037396120209
1,102,26.1869969478728,29.9417160526906,1104.42205420798
1,103,25.8445362546959,29.9312617223177,1303.1772362742
1,104,26.1229705970709,29.9172744580313,720.437411684197
1,105,26.2896894855951,29.8217152585786,1118.97445754409
1,106,26.0929112457344,29.8510301566857,1267.25516293054
1,107,25.8607061257945,29.5072751581014,678.890109519947
1,108,25.4888719473178,29.9987736684865,1467.51228746349
1,109,25.8030714369563,30.0133104360461,1028.62292986142
1,110,25.1532316832182,30.0375529486248,992.850254268806
1,111,25.0558287109461,30.2736457300101,1156.72331046219
1,112,25.5525428443571,30.2299966788937,977.218966386922
1,113,25.4908951048918,29.6123649660044,1174.18809357263
1,114,25.1729215106458,29.7373738978331,870.065528186249
1,115,25.2560236018107,29.9513211241981,1308.69514598076
1,116,24.9408030861592,30.0334930560483,909.252163487425
1,117,24.7393962354831,30.1357481425289,948.053483181194
1,118,24.6814056881255,29.9537011528879,1160.44773188293
1,119,25.0291699841874,29.8882748437716,935.477340863903
1,120,25.2637803636148,29.8669312145112,1011.64261856112
1,121,25.1641516827943,30.0395853111513,799.623505823624
1,122,24.6540000643807,30.2131734501435,800.716959971417
1,123,24.7171822899113,30.0877584466199,1180.41955576015
1,124,24.9816632119864,30.675479347492,1426.76849771886
1,125,25.1027791896261,30.5289403870473,997.929693032402
1,126,25.0398467069581,30.8518545991462,908.854180230816
1,127,25.2988546816551,30.7709573407416,1011.61896814012
1,128,24.9872897077325,31.0381892468499,1438.39171114746
1,129,25.1234682045137,30.655445049157,1272.3607834042
1,130,24.9320013932349,31.2012282432847,1066.26349500863
1,131,24.569441440455,31.1472388954349,1336.82366519673
1,132,24.5429887108613,30.8945852465638,1053.9878909143
1,133,24.5668964152163,30.8399041139224,807.227198957657
1,134,24.7637934618472,30.8089472914235,646.737681389768
1,135,24.4213839502002,31.1609297571931,970.083143191064
1,136,24.2571839150044,31.8403256330898,1048.35223064071
1,137,24.3635163388074,30.9462635665296,885.254141653238
1,138,24.3832596644088,31.3496192135862,916.427027888084
1,139,24.6270727931911,30.8983774448547,899.344280610367
1,140,24.7227078178933,30.6907196542224,978.625679179907
1,141,24.9700985670338,30.6296406521524,1176.08749094585
1,142,24.3569082161339,30.472313937041,1061.32685374305
1,143,24.5889552153605,30.6836338601822,941.467054255388
1,144,24.603108184442,30.9399891883581,767.942673695738
1,145,24.075270330802,31.3300548819456,993.420034563049
1,146,24.9374192346584,30.908982040742,1168.76129798312
1,147,24.8149902821867,30.8681817072343,1231.27627847707
1,148,24.9995221602883,30.8450227403185,1027.31417804016
1,149,24.3185249984128,31.2468781277286,846.990523031759
1,150,24.713266721863,31.0384528844416,1529.49489035269
1,151,24.8097071183727,31.2480159632414,833.37201448359
1,152,25.1168868270756,31.1090369836702,1245.15238392336
1,153,24.6856105830771,31.2133163177262,953.029534139132
1,154,24.0757022930091,31.2266596377581,1104.6124020587
1,155,24.4682904967147,30.8500030404263,908.099718767862
1,156,24.1615608707693,30.9080385871273,910.137836802772
1,157,24.617508696222,31.1050973077264,598.07824144316
1,158,24.5895944833131,30.7771061050719,1232.80335238369
1,159,24.4562229727714,30.4481957691774,700.406034274014
1,160,24.6725135503268,30.6166213993708,1052.68849219283
1,161,24.9165560053037,30.5011877039142,763.902055287624
1,162,24.969184954783,30.9589130165085,1451.52361741048
1,163,25.0169984245831,30.9343985229581,1068.00063399506
1,164,25.1263986743354,31.1168621013662,986.127302729172
1,165,24.7058152209037,31.6318563719093,549.60451122482
1,166,24.6273853322891,31.1428799815206,783.220891601681
1,167,24.2710294455189,31.7051088611339,1064.812060927
1,168,24.2505472264248,31.5471581364946,976.54210983159
1,169,24.6236954699352,31.4794804692265,1296.77358833444
1,170,24.3078541243426,31.2739516942391,1179.58297036542
1,171,24.3340185222761,31.1076734051079,801.355545996765
1,172,24.2376331238795,30.7746638167643,735.480038582438
1,173,24.0556270713585,30.8870625859591,878.324109552432
1,174,24.2169205632644,31.0348367454851,1050.44544916251
1,175,23.9818758253808,31.0397033434233,697.63194183292
1,176,23.810960520322,31.3405443700265,988.877624034556
1,177,23.7332956138613,31.0291480835212,1230.808999375
1,178,23.3341915560932,30.9406727829624,907.029028515417
1,179,23.5174158163587,31.1661242961278,741.444274215819
1,180,23.4004289551192,30.7908730431146,982.429866533458
1,181,23.5698812824452,31.1009196113512,1172.79804501805
1,182,23.9736473663732,31.0311607613495,1320.20517149901
1,183,23.7669435022963,30.8033408860839,1435.85451299158
1,184,24.2273009660203,30.5024918925644,1170.0826469284
1,185,23.9756763510249,30.7182144142099,1119.98159242671
1,186,24.3540364447423,30.588200511763,1027.98926545166
1,187,23.9930556779313,30.5713333455923,896.123482486323
1,188,24.4600212810801,30.3634338396205,862.922111957653
1,189,23.9532299146208,30.655027409085,1088.41934853386
1,190,24.4862220334803,31.0845818216921,948.740515978304
1,191,24.3752924100445,30.7817006704024,985.387996864607
1,192,24.3754829318257,31.0194167770317,1065.56670569179
1,193,24.2426599888789,30.9235270103879,816.55433046882
1,194,23.7456305678943,31.2969378304803,918.394059251343
1,195,24.4352379553355,31.1256733892622,759.991313641456
1,196,24.7111093391388,31.3709737513654,791.633530877991
1,197,24.8241083801603,31.8216515347355,1084.46385911796
1,198,24.5434555542162,31.2324562738788,1225.16921946652
1,199,24.1589259609043,31.0953184668481,935.484179048478
1,200,24.8929887512473,31.8602455513947,1032.45797905783
2,1,33.7446695157885,35.3828022899837,999.833493653384
2,2,33.7424047873492,35.1683847946073,870.330806983926
2,3,33.1092972819867,34.6431965663805,976.865126868349
2,4,33.366042559818,34.9975157713807,1552.37828086195
2,5,34.1450876757695,35.0945063828926,884.113350819291
2,6,34.0603647541334,34.9815044118233,928.321106356415
2,7,33.6468796250668,34.8747943247423,1023.29546809544
2,8,33.9313158734165,34.7842679965312,1042.22311832859
2,9,35.6252143589162,35.4294220959484,965.450023416109
2,10,35.9202386913998,35.1602012100142,1085.08088810187
2,11,37.0114791269726,36.4848537777532,855.722470577064
2,12,36.3821971564869,36.1659816082855,1081.76765749093
2,13,36.1799450483405,35.9286320253996,547.302822060703
2,14,36.6317697221169,36.0947393970259,1013.78465429262
2,15,36.699210891449,36.1997181376019,792.957512936413
2,16,37.1107170990292,36.8098910877939,987.14563846845
2,17,36.7900788323404,37.2821327434489,952.319240072788
2,18,36.571633195756,37.0700549034184,1299.32230675322
2,19,37.0106577121881,37.5449669821152,1166.59711417183
2,20,36.1931022762708,37.1307790469698,1197.65933842153
2,21,35.7515271290568,37.6280119609184,1286.79198587574
2,22,35.6991615508328,38.0021202746249,1176.90837153814
2,23,36.9539400282947,38.2369900975668,712.066877383417
2,24,37.3886368819908,38.3112889196032,1040.69024348731
2,25,37.1231276424997,38.3168924695273,1097.94893258856
2,26,37.3445072830253,38.1742556455586,1118.00974535964
2,27,37.6151037073407,37.969949444024,705.604768610046
2,28,37.3711547295858,38.3060312700254,1102.31066883842
2,29,36.5891173423835,38.5933115782928,946.101764424655
2,30,36.8166999326825,37.2670896588906,911.636740280771
2,31,36.1166420042461,37.3734096989342,994.521578212872
2,32,36.4788742119775,37.5962497058652,935.082775111934
2,33,37.0552813149804,37.5945279019145,989.737704577497
2,34,37.1424680269504,38.7539759874677,775.133511857949
2,35,36.4865854606137,38.6101534687475,1028.22356317348
2,36,36.5263412307138,38.637389509449,1053.88252760814
2,37,36.0598649713622,38.5010611544024,1038.89954529528
2,38,36.1586715711935,38.3238860296256,972.823964641283
2,39,36.9432011902167,37.4945975976594,897.305385962082
2,40,36.8122306741585,37.3545342289108,1186.81520860329
2,41,37.2167112952383,37.2539438348811,1008.19384815306
2,42,37.23872864739,37.1143997303251,1198.935660472
2,43,38.5597251335879,37.5776593017807,706.479944536991
2,44,38.5958315325784,36.9301043646114,1431.78135042632
2,45,38.2137176565118,37.2272645665911,1004.83077385955
2,46,39.1138742779821,36.9447378874286,1152.98120237608
2,47,38.9348438806518,36.8008162028769,1243.91806211514
2,48,39.1712954486101,36.0772573397041,1154.96810663118
2,49,39.4317084945113,35.3355623424278,1004.57014742879
2,50,39.715201119922,35.2500176306468,714.923491656973
2,51,39.8530109592758,36.3578259416244,960.634514207633
2,52,39.6107112005306,36.5618045957239,1026.04983032152
2,53,40.2627467645119,37.152827217734,1117.8267402709
2,54,40.2910707923771,37.1306927403675,946.224039806626
2,55,40.6692676805463,36.8431982077218,1047.80955212058
2,56,40.2679568503639,37.6948359238093,1108.51339731686
2,57,40.6164617936846,37.4086607872821,1258.73388793614
2,58,40.3245884033625,36.4643769745317,762.389093831584
2,59,40.5565887380832,37.1386185803328,1018.28602953638
2,60,40.2190876288071,37.644881079892,643.82272222503
2,61,40.4614123030088,37.0784660970185,1211.54983037462
2,62,41.146421910704,37.3727287213076,1055.03447780428
2,63,40.9173118636927,38.1468183951536,935.349427316029
2,64,41.5610718035687,38.2707822791048,804.211955463227
2,65,41.0763212146478,38.3095183498514,846.532849385989
2,66,42.2701121676568,38.3352359069653,1000.73101664327
2,67,42.1520563090829,37.7366252786612,940.75084625943
2,68,41.660820433653,37.7458438001817,1073.99336072615
2,69,40.901729859714,37.4638085749064,1180.42177590917
2,70,41.0948375477631,37.3600158243828,1016.26304021197
2,71,40.8211625995141,37.5460129592615,992.577563600414
2,72,41.8936168334332,38.1280542621877,1198.11775916962
2,73,42.0946804486625,38.0133941078423,1056.21369442639
2,74,41.7040018828314,37.6035329100499,745.743789033684
2,75,41.8241828257645,37.0234089979084,829.673419427194
2,76,41.8445725096751,37.8283575910914,880.222179955917
2,77,42.013360969055,37.7513926952899,825.23114498024
2,78,41.500701739847,37.3674092777887,844.422390886829
2,79,41.4117835254846,37.2519404738101,753.808272926285
2,80,41.6821400266803,37.4725697002513,898.208417097049
2,81,42.3225886879013,37.0271050224159,936.220238227059
2,82,42.7667420156945,36.4151156176305,1428.89876490467
2,83,42.2001835752456,37.0401247806568,1106.28030157135
2,84,42.4107015475531,36.2121072246417,1045.43064446576
2,85,42.7510843903659,36.6649385147737,1071.82882691575
2,86,42.3655657647064,35.7991814746301,1085.39484353581
2,87,42.8092148657449,36.0574892757435,1111.16515110606
2,88,42.4559941997376,35.0461940388075,1281.36201074988
2,89,43.0598756298903,34.9770670884368,998.054953049661
2,90,43.176417631154,35.4478009278557,753.474737705826
2,91,42.8275023577081,35.7304235765896,918.445284424105
2,92,43.5672482223809,35.6590585963082,903.0962627385
2,93,43.2160343794812,35.4672369191832,1081.10548926521
2,94,43.50310932355,36.1811528543416,1064.45910574124
2,95,43.2059776799485,36.6861043510764,1213.77625517633
2,96,43.8017424764561,36.4442261368595,1184.21178290189
2,97,43.1821587262593,36.7696084705742,808.919788650237
2,98,44.944078265515,36.150457818255,567.902051190606
2,99,44.9355975270037,36.2428770108839,1156.84405387082
2,100,45.1915721729708,35.7042914805114,764.109663774832
2,101,44.8549919737675,36.3072723823438,1034.56018437799
2,102,45.5677204685853,36.6868000787579,1445.65373482091
2,103,46.2904649738703,36.6270656475198,987.357120284444
2,104,46.2445937803547,36.4976523955466,858.013461174617
2,105,46.2931198746311,35.9344871543895,1015.36098263113
2,106,46.0649518209059,35.4816923018802,1064.17976577238
2,107,46.3860518116796,35.7924338613094,1240.39399176662
2,108,46.6105684628737,36.2461564311994,1038.03181697141
2,109,46.853914278702,36.2626862627143,956.964945934999
2,110,46.7471522345837,35.5499297301029,1360.85535652902
2,111,46.8262832106124,35.9801072622004,923.767042905784
2,112,47.5281023947736,36.1793063240389,915.778837053996
2,113,47.5539487254124,37.5112793246038,1186.42601820511
2,114,47.1791915629552,37.1303932852465,1205.39214909501
2,115,46.937694578485,37.9143584794771,1473.72862485253
2,116,47.1101670229735,38.2621106973322,1110.6416049197
2,117,47.5505990382679,38.0030237004855,1184.89344703255
2,118,46.9597612308324,38.2415395022125,928.078391103736
2,119,46.9637986422856,38.0802302195081,1214.15987524873
2,120,45.7324770139117,38.1025305918153,1291.29740866464
2,121,45.9501062192316,38.24607520176,1254.49729321023
2,122,46.2650626668364,38.1589524609108,798.021602522131
2,123,46.4548620777265,37.7366937053933,941.131250061607
2,124,46.0211998466526,37.5049653033336,1145.51070617527
2,125,45.8518632725962,37.8001463013925,925.405384124823
2,126,45.875786295505,37.9509301404378,1012.67649173991
2,127,46.0691840321666,37.8668056253616,938.400582004584
2,128,45.6029971947617,38.4437432555153,1326.87161567476
2,129,45.5839557235153,39.2062427102294,741.89031656035
2,130,46.1430862406905,38.788826190506,902.064455692889
2,131,45.9049119314572,38.3243340825755,783.283688762965
2,132,46.6527980995702,38.0815080853409,1070.39553967438
2,133,46.5564968366108,38.0734579994633,626.879029252102
2,134,46.498644330505,37.6643621789557,872.463891915205
2,135,46.6563786040197,37.4330306016984,735.206271492383
2,136,46.5218867966425,36.9148670038336,931.587764946336
2,137,46.697671052942,37.2057676241841,1353.82390073515
2,138,46.5683012418335,37.049411893774,1309.57373478445
2,139,47.3377261321637,36.9814523086336,901.748423500215
2,140,47.8878779713867,35.647560141205,1046.89703405088
2,141,47.6289058576473,35.5307504781313,1023.13779333431
2,142,47.6612165258675,35.204876745622,953.645755406079
2,143,47.4684778158347,35.3288974195161,1099.82647283525
2,144,47.7606213085239,34.5370272177617,1055.69879551659
2,145,48.3046345304372,34.6244891596041,796.300538180635
2,146,48.5501888355894,34.0328191426813,805.548351930234
2,147,47.3695727557465,33.926550766047,1067.193455559
2,148,47.6232618732762,34.1106863100291,1028.60741911147
2,149,47.5935867466163,34.1551507103702,969.169035292622
2,150,46.9138742181307,34.0339256659133,934.922708769522
2,151,46.4677074847346,34.4012119028416,946.048697879747
2,152,46.8186547253743,34.1375136817542,949.941458337536
2,153,47.0558731436044,34.5202141105665,1246.16649329932
2,154,47.4306813660225,34.7876943153835,967.58069101148
2,155,46.7792949092605,35.1470663316565,952.887059779888
2,156,46.6509158308722,35.4187279892881,1265.58261878292
2,157,46.330063759804,35.5437614272299,1074.43016884592
2,158,46.7503722329494,36.3979596711325,855.585201349012
2,159,46.7172496579255,36.7670570071728,1008.05011855229
2,160,45.1245313250385,36.9135459946699,925.62275263264
2,161,44.6270424349735,37.0770253715794,738.565359363229
2,162,44.3174868552784,36.7446881409377,1051.79037447082
2,163,44.5281386234566,37.2806645636251,774.032181294274
2,164,43.8370869886223,37.6137250331172,1246.68441045748
2,165,43.4100796661979,37.5202097883913,1053.2481523125
2,166,43.4199469792568,37.5357976890672,808.502642881543
2,167,43.429512472303,37.0440091814687,1144.01271979322
2,168,43.2085436379658,36.2687079191553,1162.6846973704
2,169,42.7874992729403,36.5860000819392,863.4634680866
2,170,42.6568487668784,37.0975846022974,670.737691932221
2,171,41.8088264072962,37.0073581886763,947.402296766366
2,172,41.5286886527885,36.4752670393287,877.593657056112
2,173,41.8166146747161,36.1578913242425,1063.62108465659
2,174,41.6602362065102,37.0912686891202,1293.28643092165
2,175,41.5291850099957,36.638119493582,1128.54413870677
2,176,41.565481617576,36.6496782188304,932.074105326281
2,177,42.0759971086091,36.0229032294472,918.369607030406
2,178,42.0747159391821,36.1707697591116,1361.08996306866
2,179,41.8221388171482,36.4925240784066,969.718162899052
2,180,42.0252538495456,36.6795722206198,1109.44481591611
2,181,42.5425934139281,36.847149309884,1023.38031555157
2,182,43.3246916275934,36.9534377503098,915.525331190924
2,183,42.9240300329732,36.4348617541971,872.887884619171
2,184,43.1038341974365,36.5386143362166,1088.42616243401
2,185,43.4100248054095,36.3028135511196,821.81236227451
2,186,42.7632120605145,35.2954281366278,898.76441008339
2,187,42.3441856559716,35.3064157825705,1226.85444553633
2,188,42.5294334940269,34.6967436937517,852.917981391037
2,189,42.6682204070035,34.5592384598462,1051.19852766045
2,190,42.8655492174277,34.5823057916549,1078.66935755077
2,191,43.1039727424018,34.6580305149417,1081.06724955066
2,192,43.1407544415589,34.9232882859696,1050.51501739244
2,193,42.9573094853697,34.2942397321312,1129.39701163843
2,194,43.0696183544007,35.1853277739022,1335.00678052978
2,195,43.8940959696313,35.7641888951337,989.15760532468
2,196,43.5222458167299,35.2702838347896,1238.02840450197
2,197,43.122964137048,34.7265833874524,1091.19159403202
2,198,43.3944740735592,34.700945085263,853.897669002046
2,199,43.1893643354947,33.6817985013095,1302.74780109281
2,200,42.4451188409348,33.2183523379366,981.990957090849
3,1,30.6970628719411,28.3829430335823,1108.6260729219
3,2,29.6258684920728,28.7114931656596,1117.91988940243
3,3,30.5931481677615,28.2523124626666,758.734690797223
3,4,31.1456901724143,27.7452674111088,816.822267403464
3,5,32.8582251477698,27.2979633570328,937.299777538855
3,6,34.0031144150353,28.4091277400492,1501.33112581182
3,7,34.7602245600661,29.0930347606771,1167.1444201308
3,8,34.2717094369105,29.7932451204987,956.241238068475
3,9,35.0525999893261,28.4140586202054,826.459031211835
3,10,33.951735803971,27.7953907341243,750.741806968831
3,11,34.2574146437872,27.6690791239659,1116.00214489253
3,12,33.9281179071742,25.9146344829123,1128.62417377553
3,13,34.9400605404299,25.5977796614332,1120.33766289902
3,14,34.9588214872077,25.3945239523245,887.600340602758
3,15,35.296437683412,25.2675971196299,818.264522046234
3,16,35.0017620469787,24.7386488467247,787.315754033377
3,17,35.6022855498366,24.4285837800475,843.375460221115
3,18,36.2293057468208,24.4999504937385,1170.30037097751
3,19,37.5374539080673,25.3236968086758,1273.9897665839
3,20,37.108446824909,24.5666852616949,808.525324751963
3,21,38.0336922049773,24.7888080163418,1079.37702594151
3,22,38.2311089567028,23.9568173538804,1300.876192601
3,23,39.1060305922925,23.3935242329215,772.318957996228
3,24,37.5021472206148,24.0980569025088,985.294231982961
3,25,37.6436905697333,24.0287285313743,1214.79383494763
3,26,37.2874388270844,24.2188945158914,1025.72623115177
3,27,38.0820845029412,24.8599562694197,713.748128891799
3,28,38.0846735166704,24.2411666743694,1339.83307755282
3,29,36.8690601098626,23.5598043178883,1534.46760342545
3,30,36.8265542362748,24.2037608062502,1064.07824829548
3,31,37.9316314699827,23.9862400344221,927.647781410112
3,32,37.9190897384152,23.0291607048116,1231.37425569778
3,33,37.8339215841181,23.7054117905356,835.619476184107
3,34,36.9252808879759,23.7523655506704,1105.65871143946
3,35,37.2456568220542,23.7132133588207,1261.36907121663
3,36,38.1409555005836,24.8722245803501,1068.08764378746
3,37,37.2730580020766,24.1153769638802,823.402760317542
3,38,38.5147261829215,25.1055022214589,809.5777876225
3,39,38.3163204726253,25.8515935114746,862.140802440843
3,40,38.8817904596097,26.2361475063078,1129.18203587304
3,41,38.6005442535249,26.6463749059418,1175.42727573146
3,42,38.2536712516975,26.9066319708511,1156.69200589339
3,43,38.51456812501,28.3502033544903,1092.65075144839
3,44,37.3064252793494,27.3697694870048,1197.91636871173
3,45,38.1087743811325,27.3026253980147,1284.70837284244
3,46,37.8969128412981,26.5442279497681,901.474936812452
3,47,37.5844017541862,26.0071049787181,1028.95975186851
3,48,37.003717082347,24.6458490959565,1098.40509681962
3,49,37.0036177335125,23.8256219174262,612.124389285681
3,50,36.3419115474324,24.4802314363262,975.634050214425
3,51,36.7178854209302,22.6801330056028,1042.58557452355
3,52,36.1880810993608,21.3167282555343,742.565111987027
3,53,36.2140748463816,21.9652061083805,900.363809283682
3,54,35.0386404435484,22.8523560677707,1140.09185682103
3,55,35.6525984161147,22.6137235926132,1082.28347437686
3,56,35.4410558830203,22.8376413466178,1015.57701640184
3,57,35.7992254128309,21.6971537819552,1168.59443320366
3,58,35.494469756711,21.7931660480735,1134.47650256787
3,59,34.5709369090433,22.2353232198459,1009.00557761437
3,60,33.1129538140054,20.870078128872,1046.04794856019
3,61,32.7242719391194,20.5788352443157,920.42907270732
3,62,33.6024831717959,22.5597433877232,1285.85241281456
3,63,33.7459499546651,23.714495829227,983.535499757983
3,64,33.9529889794484,22.3008608621401,1269.67420970832
3,65,34.1600774740233,22.2289344691669,1197.00364856008
3,66,33.2079538639458,22.0006971119337,943.981776544546
3,67,31.9180966310454,21.8625962529293,1169.34128384717
3,68,32.5279747056081,21.064646746352,973.94694348466
3,69,31.625833790685,21.6044349780696,834.094232144894
3,70,32.4335923158743,22.33959097644,1009.4657472368
3,71,32.4362602094892,22.0865641166028,1121.62447147474
3,72,32.8287078695722,21.6911919543457,840.499087984272
3,73,33.0547167334197,22.8739888669939,1043.70024394231
3,74,33.5366948050124,22.1893775435029,1096.62406200189
3,75,32.9388866684987,21.512075023098,1253.83634201826
3,76,32.6921339056399,22.5529826894871,831.711478524711
3,77,31.5259399878623,22.3460718289641,1018.63313145049
3,78,31.3601310712265,22.2477722084395,888.025584899228
3,79,30.0389843213713,22.2498808341179,694.165605862457
3,80,29.3483012151043,21.6458744472493,961.970862044852
3,81,29.2808969881763,22.5775572671478,976.164870556887
3,82,29.6080644243423,22.15827197519,1112.23100839134
3,83,29.6500500721577,22.6538347841479,900.990299663505
3,84,29.1028584487289,21.6900481690942,1058.09732699486
3,85,28.5645456471271,20.4916913452858,843.685808465102
3,86,30.4127456111733,21.3745629755061,883.761095508652
3,87,30.3615915763693,20.8298472049001,1292.23141844519
3,88,29.1020448196801,20.0963394892775,999.637234381729
3,89,29.3862386990075,18.8985001305475,748.639214737223
3,90,28.4932014573447,18.9637281302189,1023.13492969963
3,91,28.0162628707339,19.1499401870154,1436.25681156564
3,92,28.1562431512918,18.8154430388949,1408.44630687904
3,93,28.3770666506698,18.2793750004897,851.551058200504
3,94,28.1509487849392,18.0374601395538,496.585584597223
3,95,27.8896530196598,17.3369533344058,709.027765502667
3,96,27.8904472994309,16.7450536722121,1012.06275605134
3,97,28.112802487538,17.0744421386297,999.432550962577
3,98,27.9060219193133,16.4190535411298,943.18802571324
3,99,27.9792081591827,15.0877608565919,1181.15755310252
3,100,28.1696065411763,14.9515054889232,1145.40802497606
3,101,27.8808570442236,13.4133136748577,1229.36422233005
3,102,27.2915086953259,13.7877679480883,1576.58062243996
3,103,27.5210657059805,14.1430212927508,563.28808393166
3,104,28.5732341443307,13.3017189283627,839.684091669566
3,105,28.6688963642213,13.4964122429153,1093.29498324119
3,106,27.9023013593447,13.7431467282616,1134.538456331
3,107,28.7189108912515,13.1632894512861,965.460792506651
3,108,27.397251165736,13.8757497560786,1351.91750884443
3,109,26.5020815376941,15.2650034070082,875.692872612743
3,110,26.4885249509267,14.0191453313892,1303.67067982113
3,111,25.6483386546077,14.1314128296481,704.597030695194
3,112,26.2332154551271,14.4870257614264,796.664287554255
3,113,26.2138590751224,14.2558268448982,1174.89955072148
3,114,26.5637109642319,13.117351962539,1298.9471152721
3,115,26.8426530852707,13.0840483306406,1095.58550293541
3,116,27.9846694985129,12.4924797176764,977.400707229927
3,117,28.4548709681482,12.7125955494013,967.120665312194
3,118,27.921374973853,12.2036112206826,923.055454702548
3,119,28.1623681832423,11.9150381185542,828.918386517164
3,120,28.6775337211699,11.8767306183085,1254.46270058946
3,121,28.1014694511365,12.012005958638,1241.15256768884
3,122,28.6097330439712,11.4331462318731,773.463467082289
3,123,29.1293282314237,11.762085323297,1216.2165372137
3,124,28.3641350925178,13.3367793419985,930.498246276159
3,125,27.9870963265041,13.2324720227271,974.977898685813
3,126,28.8744313242931,13.0514898864646,987.1907852724
3,127,28.4980823302198,11.708195716715,881.440397546246
3,128,27.7699808159496,11.5084742154859,668.821974811085
3,129,28.6254472072552,11.1269424188857,1410.04227282535
3,130,27.8253823524127,11.2602689596736,995.035647491414
3,131,26.8436793270795,9.58176184388793,889.924950714169
3,132,27.8308335880799,10.0035363552341,1056.35785217251
3,133,28.0445551587439,9.28254257476915,998.760293755229
3,134,27.7627219529014,9.49603784305328,1111.25258124693
3,135,26.9614621123102,9.88168997076539,981.599624294888
3,136,26.6747820080144,8.521595495482,996.647686967314
3,137,27.4215665157244,8.68150594242967,1280.55379973352
3,138,27.1764544237837,8.33027568779676,949.770400035239
3,139,26.2568994883273,7.64662912540353,755.96888730484
3,140,25.1777850179239,8.35287541744167,818.774778392662
3,141,24.6328627045327,7.82421135396265,798.596702617004
3,142,23.4581877206888,7.68636248738007,1181.54312170859
3,143,21.7168290736845,8.14673037371675,1004.82275799534
3,144,22.0235017350304,9.80960992032263,998.995116550249
3,145,22.6399542774935,8.87408136287781,848.089019470603
3,146,21.0995824606445,9.97378099937763,744.919835944397
3,147,21.6410490660124,9.09268815864761,1174.2903716571
3,148,21.948532755588,9.07892636310091,767.1282533781
3,149,22.4586956967421,9.54726802948295,967.76855577231
3,150,22.3673536393973,8.8791984601482,570.747908943844
3,151,22.0644933297023,9.12019025191276,940.527208943504
3,152,22.0828599526632,8.96726379183015,974.177053612206
3,153,20.6127746469827,8.4747451377348,1268.25795143872
3,154,22.0003171808213,9.00412073780974,755.648634284502
3,155,22.0131219818565,10.013794072083,952.760380426893
3,156,21.7873339267812,9.8393511283715,861.84878558529
3,157,22.3289953736067,10.1590918679853,922.193752725144
3,158,22.9286087626385,11.4292972821889,710.67709802717
3,159,23.2914939752335,11.3239123174596,1143.86606762829
3,160,22.0109614341904,10.6955897022288,817.420122699728
3,161,21.1560521122004,10.1067342473365,1221.46940795874
3,162,20.7780935230717,10.3173984251125,1208.26921818606
3,163,20.2512883423845,10.1082452673708,1085.65290558589
3,164,20.1280825692417,11.2444647159609,825.079219789531
3,165,20.4633127177466,11.3886711177771,867.321938759101
3,166,21.5291765772326,13.1686222991866,1167.37993796837
3,167,21.0685680151675,13.114791934664,857.786684028533
3,168,20.9981727382271,12.9178127233015,1253.2992047379
3,169,22.1783222079113,12.2903311590821,844.956444899105
3,170,23.1523594542556,11.9233858257177,969.302933379297
3,171,22.8136041480367,11.4012505210506,1042.95192223001
3,172,23.6082432059592,11.278315991422,1098.99849395093
3,173,23.1909629423823,11.7297041578887,1227.09419742597
3,174,23.0441573153464,11.6374413894802,1069.98491602676
3,175,22.6976442177895,10.16525709911,1094.71153751986
3,176,23.4051729948696,10.1896547323671,976.318627930884
3,177,22.6841147293946,9.45108486125197,876.596715062621
3,178,23.404589140992,9.79202453475981,998.194779062059
3,179,23.4973586506597,10.2924661780089,964.730610730531
3,180,25.0348774705803,11.591226429737,962.992807836427
3,181,25.5363618381702,12.3142731764969,1092.95323669072
3,182,25.5774733778455,13.2788319466247,1010.58140637971
3,183,25.16692724527,11.2831834926867,471.553862106566
3,184,25.2915969905343,11.5694980604093,997.04902779644
3,185,24.2757003082398,11.1829855763466,1034.78558678782
3,186,24.0163242486086,11.4335007498949,1047.40376226277
3,187,23.5206051996539,12.0052207779168,1249.3479358768
3,188,24.3764804223971,11.5924025642145,637.942649723186
3,189,24.313424097814,11.7686709300468,1439.15029460009
3,190,25.1252606928938,11.318114341944,760.544139201946
3,191,24.9997073297041,11.1340366786053,898.000283960558
3,192,24.7112607269401,11.1270573806978,830.878006478319
3,193,24.1961957334596,11.1349797594476,913.46458103961
3,194,23.566511605856,10.6241260401839,959.811226658546
3,195,23.754905833983,10.7887029797939,872.679036459825
3,196,21.556441557432,9.9330737880741,939.147826031477
3,197,22.9975050747608,9.54703736380781,862.646214838487
3,198,22.9705173434732,8.17171090215069,589.351801532454
3,199,22.7902985071317,7.70012140873775,1187.06424957058
3,200,22.3678267117335,6.41189751658069,1012.03183607108
4,1,23.5776981702285,33.3647307359314,853.002837645714
4,2,23.4749997401805,32.793244143052,1016.24166159642
4,3,23.6736540456996,33.0113513990624,1462.43795515993
4,4,23.9272498858757,33.4727771395986,882.039804747171
4,5,23.7314242574774,33.3073985260197,774.090228678203
4,6,23.5343168485978,33.1355898138791,977.221690570589
4,7,23.7109339379211,32.8677321654,1322.70108354788
4,8,23.891915520252,33.2775251093227,1015.20977311336
4,9,23.6353192394561,32.8849991223991,920.815406094748
4,10,23.63386311396,33.068878355972,850.646117647498
4,11,23.5277074790519,33.2070995363105,940.513320519029
4,12,23.663513878845,32.6728317004945,882.174222856044
4,13,23.3109515811774,32.69329607994,956.422672956877
4,14,23.3523778766114,32.9704303522198,1006.72762249952
4,15,22.9166617809842,32.6468410245586,1144.23345500065
4,16,23.3191413868087,32.5240085209615,947.810084286456
4,17,23.5468587491193,32.3857051087407,1063.70104738896
4,18,23.6806462444386,32.6237836429368,840.346618706137
4,19,22.7462288306132,32.653031719991,1019.17790853594
4,20,22.7785058178222,32.8088111310057,1205.1651625787
4,21,23.0094592987176,32.6209075039966,800.265622940917
4,22,22.8630151258578,32.6768446676516,895.649801317277
4,23,22.5894058883736,33.0447873897165,622.40182448327
4,24,22.5365193930953,33.03221593724,815.132359096325
4,25,22.4121470457103,33.6925472662349,1270.93766072329
4,26,22.9472326732501,33.4163859193856,866.140307104617
4,27,22.805978238202,33.4946950668915,983.618116434996
4,28,23.5279548493904,32.8797966642578,1102.53283145294
4,29,23.4973010370666,33.0851396389855,1121.47426462872
4,30,23.929727594202,33.274537431567,724.764241651829
4,31,23.6609621399046,33.3035734299181,868.234710161821
4,32,23.5878021515997,32.3391373970473,1174.98326421572
4,33,23.7492756450415,32.2755820285215,853.93390701569
4,34,23.0364033471903,32.3787379783291,1139.37563661592
4,35,23.3659122194813,32.722106324526,1457.85466550785
4,36,23.4363548929495,32.6201314618456,1083.66574587262
4,37,23.8409662817283,32.2356153638834,1337.92577888705
4,38,23.5380008093251,32.5901979322254,773.900914847041
4,39,23.7664280012111,32.1843664443148,662.674823834843
4,40,23.7685020450878,32.0493804097449,708.177283575638
4,41,24.1706628976723,31.7416776651059,686.614337386741
4,42,24.3277038147626,31.8691286719249,988.096620995168
4,43,24.0092506560925,31.535808952699,855.210446241395
4,44,24.1060247319729,31.6155635592613,940.993423593211
4,45,24.0053875994528,31.3849080858649,1103.69532972196
4,46,24.5189912128252,31.4435628234588,934.593808534603
4,47,24.7558419282535,31.8300395233052,1167.78896003724
4,48,24.7618402336014,31.8343413744567,1020.97265721806
4,49,24.9447285841558,31.5989702670677,778.0903449938
4,50,24.7872084083174,30.8145357728111,1220.91386475222
4,51,24.8178995082743,31.4192454926333,880.147170438676
4,52,25.019525714055,31.1211570466667,1078.25210605897
4,53,25.0505507178794,30.7314749024739,924.009462915289
4,54,25.1008785682818,30.6856639635949,967.038429458066
4,55,25.0324245527714,30.7769704566282,1213.87244936792
4,56,24.7572476563711,30.7328908017775,1155.69898704193
4,57,25.1478789445474,30.1432452961972,556.814961501382
4,58,25.0169887803676,29.9685728543696,1194.49274820882
4,59,25.147938276635,30.0754248798833,1294.69967743538
4,60,24.9400582448275,30.2554361414121,1034.6317046299
4,61,24.8683039433561,30.0037823291828,1375.14410615866
4,62,25.0711338711016,30.7042322508429,1345.73789319388
4,63,24.9171397856278,30.4885303473154,679.677733877065
4,64,24.4968425326194,30.8102170719187,1063.18346179847
4,65,24.953924699695,30.1800010219861,1255.85495794544
4,66,25.1441381955089,30.5840574674141,1069.08365928809
4,67,25.0257979539229,30.4303733003472,753.539867943713
4,68,24.8111922455294,30.7607540142735,1319.36631022495
4,69,25.3443598186647,30.4891412473881,1053.45402912374
4,70,25.3835105457952,30.3391715004925,978.794032402276
4,71,25.8636540083238,30.1658330713859,829.384330304848
4,72,25.9765991588906,30.332274448744,1112.01285868386
4,73,25.5947943274842,30.8772953711991,1192.24934483601
4,74,26.3008855321549,29.6669802507133,641.590107012994
4,75,25.97318558515,30.153427392966,1079.37773691468
4,76,26.0195935935721,29.5346484477435,1142.28496571693
4,77,25.6632397968153,29.4117105796977,804.578510980609
4,78,25.6570490598363,29.4353898146981,1089.52626212357
4,79,25.5606466695092,28.904904808,1031.40853223136
4,80,25.1605650958127,28.3104389571892,1158.48319734128
4,81,24.7047920781378,28.3647746228502,1117.62010810712
4,82,25.2885922706668,28.2321904776824,1114.63259321845
4,83,25.5790444531519,28.8271767303042,876.876172601194
4,84,24.7845281290434,28.6956582772152,629.778158153139
4,85,25.3352185580884,28.4466784256404,869.099011112164
4,86,24.9216811763078,28.3179044563248,907.496634397453
4,87,25.5340576541862,28.7759857774687,721.729781114826
4,88,25.2858351290618,28.8267491745198,1197.9287065998
4,89,25.2473920472154,28.2331745406883,1254.24437178073
4,90,26.2414257433336,28.7153362638143,1444.00691431802
4,91,25.8181683132144,29.0141709616835,1064.25230567608
4,92,25.8974443466914,28.7490559475018,1098.50203934925
4,93,25.419501450816,29.1289823306207,1153.39850959476
4,94,25.5887130801207,29.1279028637524,1270.14517908552
4,95,25.4801295579733,29.0480068255833,1045.15945697375
4,96,26.4709403275172,29.4834289541588,1319.42303614831
4,97,26.0823229549271,28.7935830643246,1349.07771652795
4,98,26.0919049467201,29.3219759117231,870.417836295399
4,99,26.3604984631469,29.1312588189716,1103.36477415987
4,100,26.9408366834087,29.7929209784176,1266.91057058014
4,101,26.4360763786935,28.8201908469717,919.664969531418
4,102,26.5823170936241,28.9819332231016,851.983939219951
4,103,26.8082455779029,28.7559585516966,1116.56318026452
4,104,27.2473720316701,29.0735635813204,1055.58478492656
4,105,27.5138723040285,29.0122647063076,1008.60344878741
4,106,26.9930904806653,29.2927980581156,951.016040701781
4,107,27.49744066588,28.8952522268317,964.203030049331
4,108,26.884056161522,28.4964238988949,1272.06763921122
4,109,27.343566046444,28.9817834803121,1278.17875224011
4,110,27.7663664452212,29.0517343703119,1048.98751987553
4,111,27.3410471358342,29.200357405097,906.045389141093
4,112,27.3278181339408,29.44578766791,917.397434773637
4,113,27.15335596049,29.1870199427939,886.01539340564
4,114,27.208541358458,28.8048349441391,1184.9616711031
4,115,27.0268452031637,29.266320899434,694.719620085614
4,116,27.4454219359558,28.9711323843913,1191.06881559088
4,117,27.9979257887868,28.8593801983565,1181.51718749199
4,118,27.7126656444464,29.1260762439421,1166.43493602751
4,119,28.4926105350798,29.1255731577363,914.240735105183
4,120,27.9634907567197,29.3399969010663,958.330027037459
4,121,27.6434063961914,28.6247002033133,1166.34617605028
4,122,27.3722920482674,28.6725363618011,1060.24123581923
4,123,27.6282490278647,28.6876149889097,931.595413139063
4,124,27.7684563072192,28.6212493611273,856.315412260501
4,125,27.4571545297013,28.8633605156261,1117.79623577967
4,126,27.209856470869,28.5538107535674,1297.6027745276
4,127,27.8933427106535,29.1642401479768,1306.17150798234
4,128,27.5107770541505,29.1052397917783,946.086353129473
4,129,27.2391524955172,28.7144378963381,1267.46026577111
4,130,28.004678618011,28.5518362592577,1010.08850033844
4,131,27.5861754611726,28.7483387356628,1019.04850316982
4,132,27.7687935252446,28.8974791218793,1050.2112989956
4,133,28.1922590177444,28.7876722071416,848.38437092465
4,134,27.6635258497511,28.6127665552086,1288.49854591529
4,135,28.2222750875232,28.7138931750683,787.656937687334
4,136,27.7456036169097,28.7719886404111,996.421909791149
4,137,27.9454593483445,29.3292031913314,996.581905521503
4,138,28.273653287955,28.8407265298042,1007.05472118889
4,139,28.3540900100352,29.1404399639996,1406.34337068027
4,140,28.4890612095493,29.4022997048411,1039.13850822177
4,141,27.7565656055977,29.445592714909,1135.56008361972
4,142,28.0056031292867,29.2564341959235,849.337014032662
4,143,28.5089872450441,29.2877951923694,882.130882392721
4,144,28.8388962989677,29.9760441702595,1218.16960291682
4,145,29.0062994492719,29.5796185476357,1202.88023934696
4,146,28.4427913865459,29.4622586156083,1079.52411253348
4,147,28.2646374185682,29.4389451137779,931.249476486285
4,148,28.1302415087096,29.9999003872228,742.430078054256
4,149,28.0112849225294,30.3604824977027,919.794162668626
4,150,28.5545140269899,29.7662749949258,916.631449107636
4,151,28.5257461939592,29.678348710717,1205.12447219293
4,152,28.2564831456823,29.7921933751134,800.483838524659
4,153,28.5045046190042,30.253129630662,991.739524059489
4,154,28.502018155169,30.1402305485552,962.937230067264
4,155,28.0716043754251,29.7491167751767,920.485466906979
4,156,28.2049064033096,29.89813566838,803.963532815693
4,157,27.9959258270277,29.5827783976707,1202.63750919076
4,158,28.3075586561628,30.4155091162781,1264.6771762321
4,159,28.0501759761846,30.5031212537596,1112.56520174675
4,160,28.2545725937733,30.5013996506517,1303.91128316845
4,161,27.8431614625072,30.7788884378134,1020.81727888929
4,162,27.9442285183294,30.5322008144829,1156.19859536
4,163,27.5386045705824,31.0194567761843,801.816412312197
4,164,28.0790338617736,30.6131232541173,1487.09841158563
4,165,27.9916729745365,30.2927208209791,1058.67525429572
4,166,28.9083529339999,30.0628005804264,1092.32704251942
4,167,29.1562920523788,30.2100259370951,1462.15450975154
4,168,28.8114723897004,30.7093862451241,1132.18162297057
4,169,29.178790925784,30.6529927785921,649.993441277989
4,170,29.2087684408066,30.5775764316727,647.485172439607
4,171,29.4175414262919,30.7449976541837,1015.41376254554
4,172,30.1666437380869,31.3387269506447,1231.38470545133
4,173,29.4750594836097,31.310850035857,935.003698934438
4,174,29.973139646286,31.7220836957698,969.596904261019
4,175,29.500247955021,31.4681683125575,1138.41452170178
4,176,30.0916426232641,30.9578433966569,1095.97292042627
4,177,30.0676935195845,30.9555520025329,1035.70397162917
4,178,30.118417027656,30.7925958707152,814.603535433127
4,179,29.8402957919782,30.3977818434387,865.249423236271
4,180,29.1833576225921,30.4060332330754,1084.46890487528
4,181,29.7735311287554,30.0396914684,1082.68017285576
4,182,29.8400775473607,30.2674110475848,659.868031695307
4,183,29.4564310688226,30.9431880551639,1171.39769635362
4,184,29.7022194148179,30.8354309402046,933.394235768887
4,185,29.6530245106008,30.7444623480795,861.195765153307
4,186,29.8157136081158,30.9464504595473,795.982431166943
4,187,29.8754355827967,31.0804492530857,634.487828990254
4,188,29.5250236030009,30.7277419796666,1060.52953869743
4,189,29.9896347367976,30.6918379337668,1471.18992977335
4,190,29.5394834693136,30.2868027822862,988.773590399958
4,191,29.7112397574586,30.6517496493629,727.298490606429
4,192,29.3705298415154,30.9721412075742,1173.21668791525
4,193,28.7334625881865,31.034747232727,1123.49925209943
4,194,29.0537995453026,31.2003607991542,1088.11702285878
4,195,29.0934891326088,31.4018544003847,784.358490040285
4,196,29.6079247288126,31.3119830189784,877.431563030594
4,197,29.9732836945501,30.840195712805,966.278965120711
4,198,29.6962167315116,30.8262199134331,1154.7116211705
4,199,29.503605917927,31.4140705182338,1280.12611248345
4,200,29.1728072749212,31.374248532665,982.767753354731
5,1,20.9014246602283,39.9246788922679,1615.87578983141
5,2,19.9570275874173,39.1206100646269,973.368782878262
5,3,19.6441442342052,38.9408147584818,830.814206025153
5,4,19.4745717661375,39.1036715595694,1051.47393368121
5,5,19.3643358883705,39.3949828976173,1228.80224645102
5,6,19.6870604164593,39.1435045857568,556.275242944746
5,7,20.3439995629106,39.1414786439943,1005.40391470215
5,8,21.0661117157161,38.5967744056148,1043.11484488904
5,9,21.1885983362012,38.3037839891374,980.227776209959
5,10,20.0438959628987,38.9254790249024,811.161947770281
5,11,20.3865228066382,39.2932294595225,755.653877550916
5,12,19.3331586461046,39.3740287158267,763.350781262272
5,13,19.4370730573098,40.248136505136,1050.80646089725
5,14,20.4023549084349,39.4169136979974,1316.02234291188
5,15,19.0637075891879,39.2675196375159,869.784460977004
5,16,18.9726181036013,38.8663685828096,1035.11531548129
5,17,18.7423668304157,38.8587177676766,874.215523280419
5,18,19.3858621334972,38.6934587481947,1245.56226686586
5,19,19.5365742223383,39.1522600770457,911.797204313936
5,20,18.9650623685822,38.6851391965369,1090.21205879483
5,21,18.6069119558942,39.3906845144276,1240.85785222602
5,22,18.8144854808548,39.490315709281,1008.301624473
5,23,19.1436554803222,40.0216189223656,635.691583719538
5,24,19.0818115355511,40.2765930255756,1121.08951289797
5,25,18.5677718076116,39.9433156847449,1282.80998975871
5,26,17.3156919455784,39.815356971657,1146.99670287813
5,27,17.979118383114,39.6205830040517,1264.28591128082
5,28,18.4922451595069,39.8218526813919,1250.88361800977
5,29,18.4360123384028,39.0319566188166,787.66312095023
5,30,18.5790151593018,39.153631689545,907.584338705419
5,31,18.0531284224168,38.8529878724751,568.53969223222
5,32,17.8429760901225,38.2614672554774,902.614702745326
5,33,17.4364539107978,38.7446724419636,1179.66413899091
5,34,17.1981645025047,38.6757251205877,519.884020739206
5,35,16.8523500645562,38.8650670799589,1228.23217339157
5,36,17.5977196239622,39.2662742182872,960.043934959579
5,37,17.4625236077283,39.4621384349327,1030.57127855355
5,38,17.322309892779,39.1861816104557,904.72507288374
5,39,17.7811387593052,39.4911726611091,1398.97228316706
5,40,16.8145382526958,39.4075038527213,702.467485812561
5,41,15.637428371879,40.0828220712827,1066.45570254641
5,42,15.142577655724,40.9412121601286,934.067952587137
5,43,16.245101062205,41.7459972172567,925.511741254222
5,44,16.4460800080913,41.7591723343587,993.151804516094
5,45,16.8062434131807,40.3219860677829,760.259453110799
5,46,16.9997302632592,40.1545391941489,1051.57565200958
5,47,16.9265750604989,39.981380541768,994.576119953538
5,48,16.6862161364654,40.4864954891704,687.171145468803
5,49,16.5933384090753,39.6690494612344,846.053918445913
5,50,16.9369713779302,39.3768008572301,1003.42066740049
5,51,16.6833832992565,39.0666418300045,989.538498141377
5,52,15.927433046382,37.8173042507119,1060.69888394906
5,53,16.1050543015268,37.0885766813068,979.108449763472
5,54,15.396958554305,37.1124873125151,893.907595596877
5,55,15.3266681755533,37.3362467495855,1102.93471271323
5,56,14.2905326587724,37.1688993419351,888.200123577472
5,57,14.1289874109861,37.3698406670062,1288.06344153127
5,58,13.7945102357549,38.1660177942906,1080.13851175972
5,59,14.6266097945355,37.7171409229706,880.343993379111
5,60,14.6186459394586,38.046198118323,1229.5304481947
5,61,15.0131743891432,38.8188320368303,426.406164556827
5,62,14.594752625706,38.8608588802066,695.582054654276
5,63,14.9424656843409,38.9781468594596,1245.56298893793
5,64,14.6776801096159,39.3404343651904,1077.18820555583
5,65,14.6210113143792,39.583379657877,753.665577865041
5,66,14.8937807784472,39.4703519258864,1039.14862357741
5,67,15.5388630835533,40.0512562821725,1053.99049142236
5,68,15.3443814608996,39.8887909385829,935.002941373137
5,69,15.7365656392613,40.6576070771877,974.721331535064
5,70,16.0566766905308,39.5258324082651,982.932791553346
5,71,15.4142236169999,39.2047523775151,682.043871216026
5,72,15.028983233458,39.3379782021484,927.236800958638
5,73,14.4203650627958,38.4060667227913,858.958032558289
5,74,14.6576902441206,38.4574776420327,1027.67078825911
5,75,14.6744101748578,38.8766378358863,1331.50480224364
5,76,14.4055743204104,38.1966285790155,930.549217524544
5,77,13.9151296194279,38.849842122233,1044.1619812137
5,78,13.530983482657,39.1806048308816,927.595936610036
5,79,12.598694411544,39.6368293765033,724.240554648647
5,80,12.3071681373972,39.4262942693441,990.729671927307
5,81,12.6011824028542,39.6011699605007,1297.75391918415
5,82,12.0801893935535,39.7305079797899,789.672462858895
5,83,12.2940752298891,40.5900112749575,980.723192265339
5,84,11.457852027067,40.3768727367874,995.109173495005
5,85,12.0489409021249,40.5197685489795,747.706667945535
5,86,13.0212288354367,41.1005551404855,987.269714008584
5,87,13.0880645507001,40.8195415520257,1013.7029171689
5,88,12.9063097237131,40.8386548716669,1062.36652645302
5,89,13.2488329311538,40.5169869070001,1023.54319481167
5,90,13.3454767030186,40.9083790046908,881.767902224883
5,91,13.964066771381,40.495923757508,1069.66171339571
5,92,14.0820197772739,40.2395886287902,1001.05454695731
5,93,14.1137682433251,40.4331705038681,1349.32119790835
5,94,13.8865415229797,40.2729448508749,921.27225806935
5,95,14.0958129476124,39.7745355135712,910.899416625415
5,96,13.2692103556081,40.3735213344296,982.661135343915
5,97,12.3883932621829,40.1857693249933,975.661414373486
5,98,12.3128230141957,39.7304259902354,1181.77380610692
5,99,12.0284249682959,39.5938430789925,1315.54088832198
5,100,12.7160267891629,39.5202867219996,1174.47775063257
5,101,12.6733164063038,39.825267654569,713.380491241007
5,102,11.7314197526509,39.4601071655002,736.143661099011
5,103,11.7037024912395,38.3858226736936,886.710835838096
5,104,11.6500113349418,39.274708173749,659.155072622902
5,105,10.6727318128852,40.7480492693534,770.156819394972
5,106,11.4756769993769,40.2146411521904,1172.9347750626
5,107,11.2740830920205,41.1048865705011,1075.13420510035
5,108,11.4125613485454,41.1273652010081,1145.39055206917
5,109,10.6343498330295,41.0113446274288,869.055309257265
5,110,11.1061074019428,42.131282898789,1348.472691764
5,111,11.7526790330958,42.2349756613981,758.531277418099
5,112,11.7806271558212,41.8108869417116,752.185896730799
5,113,10.9921772708482,40.6692736405226,1388.87051899237
5,114,11.6057590944567,40.6950558301001,1016.03920055448
5,115,11.9104890710091,41.3549370069149,892.276479020502
5,116,11.8219686250882,41.3460139836027,1133.63382767809
5,117,11.722371103083,40.808469351212,668.514125060497
5,118,11.9425209493538,40.3081594891535,915.977869373215
5,119,11.537457186679,39.7642867306599,894.255953672373
5,120,11.8743596399353,39.1352141969585,1146.38009256829
5,121,11.8671323639397,38.8090566767906,1339.36929995149
5,122,11.4685485827515,39.0542726049303,991.378245468121
5,123,11.0449347533115,39.0166820427693,1132.91628148916
5,124,11.1233727451176,38.6051697956975,866.70718110416
5,125,10.9615570273115,37.742910658537,1047.22876364027
5,126,11.0082382565709,37.7488565417739,1041.38827422262
5,127,11.5061399632894,38.4095371932166,1080.22581484079
5,128,11.0867638493087,38.2370792031193,904.165974815365
5,129,11.8090117687959,37.7794644422758,980.711508698459
5,130,11.9225568838607,38.0515665140787,1283.31641906735
5,131,11.6515437875451,37.9968464509278,1167.59538675999
5,132,10.777286008493,38.1655225685191,996.972993379665
5,133,10.289404641006,38.2572873076926,1234.63568306014
5,134,10.8820529642511,38.3756114948644,955.195058872412
5,135,10.4956665635078,38.2330651424725,1021.30149335776
5,136,10.5414312552989,38.5236059298871,1048.28701893949
5,137,10.0843049783993,37.867311707022,666.05662451329
5,138,10.1307852939661,37.8596546831337,988.619109944725
5,139,10.0075817725622,38.431156407514,1319.73039967643
5,140,10.7391517672655,38.7132811827555,777.790008248752
5,141,10.0803917937855,38.5156774011528,779.751145898544
5,142,9.33697963205225,38.3324977909413,1055.71264805945
5,143,9.68483944006942,38.1781859910792,851.35668988892
5,144,10.3534374049174,37.5985268669187,686.306826593043
5,145,9.55792088852668,38.4815135361112,1166.01125577165
5,146,8.82990702076911,38.9699695523329,1195.22140809752
5,147,8.75923855221813,39.1001058930297,1076.88571800171
5,148,9.24423783131107,39.1477879315032,692.980935572785
5,149,9.46742914109427,39.3704293120501,831.124090794996
5,150,8.87268001775248,39.7111998698092,882.329204018542
5,151,9.34771959145582,39.3170652693489,1021.35554798566
5,152,9.39290159682688,39.4013439049262,1118.1837292363
5,153,10.6320751726541,39.2098726951168,959.045563788388
5,154,9.96614506769762,39.0491582383975,960.555791261419
5,155,9.76282373167212,39.3347222298001,899.656598308285
5,156,10.2146382110238,38.9839150668683,965.379259028489
5,157,9.7381304747392,39.213076990022,1089.67077963137
5,158,10.6101645454058,39.2231734001621,1079.55589254247
5,159,10.4124097050959,38.5108795991356,1085.72919490808
5,160,10.952207610009,38.6635321207582,304.982340263747
5,161,10.5131278024323,38.3060514707958,340.484312199439
5,162,10.7163074835615,37.9238815288035,1045.72025867832
5,163,10.2972971748303,38.0892493067909,1414.2055656245
5,164,10.4260478961623,38.2818259907915,1274.57051387271
5,165,11.3098834904082,37.5337819294383,774.469905370643
5,166,11.1114819402884,36.9707346093697,920.53860786644
5,167,10.880929691064,36.6141435302974,1081.43069967189
5,168,12.0085446803066,36.28812393705,1122.8428851068
5,169,12.5909685000101,36.7094717261694,764.307892152201
5,170,12.7174250341367,36.0295827364687,637.929942347765
5,171,12.6668685509536,36.109009886014,1233.23606006091
5,172,12.8966102596341,36.5723712999713,932.04221507882
5,173,12.1464052871916,36.3215879874318,797.461791506048
5,174,12.3563758739712,36.1776635036449,1222.47415806645
5,175,11.9339968733007,35.3583563152854,1139.75636900125
5,176,11.3283095361086,35.8863595523762,1114.2913351518
5,177,11.0711793159686,36.9694681333769,846.526499887603
5,178,10.6694322306056,36.1814778803441,1242.53111224349
5,179,10.2808712331475,36.1429922496513,1066.60155353838
5,180,10.2861638089869,35.9869504188878,1006.18070986034
5,181,10.7733478375227,35.9760076483484,1158.85414614957
5,182,10.7124734665525,36.666381342462,1262.37363489176
5,183,9.74479013008344,36.5201549501996,1038.44113623761
5,184,10.7265052408523,36.552866936226,964.085900509303
5,185,10.839623328595,36.7071765278705,1024.62017428833
5,186,10.5382731989662,37.4153687790849,713.734794737918
5,187,10.0502991078646,36.8757644361363,774.56135102312
5,188,9.77025799468625,36.7440247678005,1038.63791499295
5,189,10.6089237938257,37.6109271210552,859.187563745307
5,190,10.5256696204274,37.4532062823811,988.295330666277
5,191,10.6356743938374,37.372476841661,1283.16010954475
5,192,10.5234947846051,37.0306424293184,1094.38336619741
5,193,10.8342973115456,36.3221724139919,877.225218782382
5,194,10.6256732467907,36.8479514328946,1003.86709069213
5,195,10.7630799736456,36.9813399009041,942.782452344117
5,196,10.2637267490554,36.4139757392256,879.76062153987
5,197,10.5242435940722,36.9082545577429,1141.96050205662
5,198,10.654921286825,37.0851807540853,1137.52291487927
5,199,10.295122847393,36.4945226699228,1092.61366864747
5,200,10.9421496528604,36.517120944851,969.335470680943
6,1,37.6825125580146,23.8746409029972,1295.77652638383
6,2,37.7280879959569,24.3901010359025,583.831215677837
6,3,36.6816169817167,25.4053027937763,1554.52825450404
6,4,35.3472706257073,24.9629587756923,954.726641415503
6,5,35.4091096163796,25.1602121139108,413.745248934505
6,6,33.8249780380144,25.6982465988484,1058.86652350002
6,7,33.9225010575584,27.2941814262932,888.077290626327
6,8,33.7422839821169,26.8902988570628,1375.00840533953
6,9,34.0132830259411,27.5777137008734,1219.18177234107
6,10,33.7034108075435,28.0033540627298,1041.67154247514
6,11,34.0937955849711,28.0114889300039,1134.29337919153
6,12,32.9340733327642,28.386595755682,802.370884483384
6,13,32.09017791335,27.5102351463639,1414.00841111239
6,14,32.7092751152808,28.4137551192014,1148.35741732326
6,15,33.9483373810476,28.01812603882,873.647131364609
6,16,33.7070352110001,28.9844725548385,1155.26422361945
6,17,33.203035077448,28.7822664249081,921.632242999375
6,18,34.0376041019606,27.6429423388149,1176.25149395286
6,19,33.7012434904802,27.8009251388821,1061.15435879059
6,20,33.2938123768077,27.3023668676912,1103.67397046602
6,21,33.9398718850075,27.3881114735992,796.229347492287
6,22,33.9738908371489,26.573943334787,1139.51328455345
6,23,34.3345138628428,26.5559240912634,1073.27613974601
6,24,35.105034536038,25.7629232538944,1015.31544996863
6,25,35.9869515637496,25.3300731737909,647.566140864123
6,26,36.453780378864,25.423596922957,941.991490246003
6,27,37.1146824403988,25.6497973459894,1130.50673536592
6,28,37.331225893435,24.9319502111199,786.30781671236
6,29,36.0226562744499,24.9105646216926,1022.01526317829
6,30,36.3488978671047,25.082433930787,930.466499757018
6,31,36.8399829782861,25.8078269853434,1248.3915716166
6,32,35.3782894054502,25.6686425615675,800.189016847183
6,33,36.0343650665935,25.3770038643282,1217.42701830115
6,34,33.9083850401367,24.9267150452058,1107.83093745094
6,35,34.9182081205509,24.8867989681865,924.157842468376
6,36,34.9131900090701,26.3839142691892,912.352930832791
6,37,35.8208469919674,25.9017973067591,902.653745743713
6,38,35.1514619643619,26.1631362751225,928.157032438537
6,39,36.3813557916379,26.1866569745515,1032.88033651022
6,40,35.8779835099608,25.8704006017702,1297.41896251583
6,41,34.8424461204529,26.2420265833751,1136.63682926469
6,42,34.0537618553053,26.2188023790264,872.133981153993
6,43,33.2339776682654,26.1975090694468,1109.29714608056
6,44,33.2131040610868,27.0286101262512,842.885832119926
6,45,33.6609555250939,27.3148904826112,973.768589204795
6,46,32.7156710039824,27.5290869310378,908.866682102781
6,47,33.297040667343,28.2986924297649,1156.61776336894
6,48,33.480051352645,28.6029194952947,1238.14366054927
6,49,33.6525063813195,28.9612092125269,939.045460465871
6,50,34.4540649527028,28.397501497162,1259.98288608321
6,51,34.7862197467834,28.1896107132674,734.929607914345
6,52,34.2444368003346,28.0949631085124,972.933891831738
6,53,34.9212627728698,28.0985182319428,971.641027197995
6,54,34.7632800506425,27.5135050123048,1024.98196335945
6,55,35.6988131079795,27.7899684849659,986.633581632341
6,56,35.4754352981404,27.4743874743156,1095.59355774213
6,57,35.5365964229257,26.6036458838059,1078.15852783802
6,58,35.3612014123284,26.760329696733,1256.35734448994
6,59,34.9882879398495,26.8318438733456,630.918378088876
6,60,35.6292934474429,27.0306119249176,1530.35300206207
6,61,35.5595125585936,28.1837765156834,912.66296218538
6,62,34.2458631565682,28.6021154017929,923.834705266677
6,63,32.4030510017857,28.1456187027457,653.394478183146
6,64,33.1467897157644,27.8629665431895,1168.51124164875
6,65,33.5440086992845,27.810480518081,954.89876992911
6,66,32.6815655092725,26.4702414636645,1134.80830019775
6,67,33.2835539393272,27.8691215756169,906.027579625079
6,68,33.3937849174681,27.2237833766534,1011.18208020575
6,69,33.5201308637731,28.3622840679802,967.262785563763
6,70,34.6419983043407,26.9078858002536,770.657759529449
6,71,34.7303131335915,26.6068799382585,1044.12918931338
6,72,33.4913320418492,27.5086297639541,914.554567199769
6,73,33.5316415907583,28.9702859437931,809.274031632885
6,74,33.3315809145411,28.7128412275545,870.623886209591
6,75,34.2674421806058,28.9843428252869,619.500477431305
6,76,34.722240186985,30.2507593559957,1004.0918853166
6,77,33.5394758783708,30.8131683385454,1019.50158695836
6,78,33.038169412226,29.2360227204591,735.587431309433
6,79,32.7168662742518,29.8112469710048,947.624482778889
6,80,33.0942261139854,28.2151238171875,820.277901231732
6,81,32.3163126123901,26.9436181236751,998.006730353885
6,82,32.3294846025209,26.385101368878,1164.58972163949
6,83,32.7102683073364,25.8041412005661,739.605588969385
6,84,33.0313481356674,24.6610256946516,1129.68238466459
6,85,34.1690870755446,23.4814726833847,826.338849192397
6,86,34.6866084128568,22.8982774828399,1007.70464485295
6,87,34.489986838039,21.5117387814017,1112.44929469994
6,88,34.2192978107474,22.78430662339,801.349084217489
6,89,33.2278761364971,22.5506135594581,1300.80023990781
6,90,34.4730050096047,23.6913792412677,1072.2621372204
6,91,35.0257034957447,22.8188057477729,629.964670966267
6,92,35.4578566474493,21.2459226258184,954.294088979694
6,93,36.0259664195999,19.9812120874123,915.828819376853
6,94,36.7028531331835,20.4498488177972,1025.0230393181
6,95,37.8312270603875,19.8908771139153,1018.11435710834
6,96,39.1033678257804,20.1974734518155,943.012380756614
6,97,39.1326774037954,20.2863233322765,850.36237011348
6,98,40.5938617687631,20.9288919849429,992.147834990486
6,99,41.050831449835,20.2040296607699,1239.31128371795
6,100,40.3565691614904,20.8476840642326,749.521717818392
6,101,41.8314227326367,22.0653852277638,969.842593765028
6,102,40.7207670442179,22.0726161723161,675.030609639009
6,103,41.6207475841577,22.1645522701004,802.31824340866
6,104,41.6230042395187,22.1380146480433,763.849246923
6,105,41.7529227055897,22.2516478707204,1247.74058204924
6,106,40.7333212026852,23.1846114048538,960.803517616517
6,107,41.126722791237,24.2908680319694,1174.14088722904
6,108,41.4306006859038,24.3856419572508,844.733115071029
6,109,41.5595676220038,24.3163849565264,1327.29150044382
6,110,41.3116289733706,23.995058592228,860.331715122253
6,111,40.9241118105545,24.764888560687,942.530267666221
6,112,41.3703826799019,25.4843905040197,1346.41290115449
6,113,40.8385683362165,24.8622620801036,933.150206284964
6,114,41.2988018273764,25.4768000508341,1135.14221379209
6,115,41.5609287703981,25.4030603369629,910.952379480712
6,116,42.3987221342373,25.0400947047227,1194.05273881562
6,117,40.9200349958852,24.5823586780446,1335.26855767435
6,118,40.1461708741788,24.5073522168504,915.576391390853
6,119,41.6595427306225,24.6908482431823,1357.72465689657
6,120,40.3387746259354,25.6612148234108,1310.56412144288
6,121,39.7008361945328,26.2813846003083,922.823912898118
6,122,39.1269237112909,25.0725530711459,1048.54203188543
6,123,39.1562189708287,24.3440230335412,1457.09972540645
6,124,39.0815415239082,23.6801848725149,924.175950219989
6,125,38.6909231273901,23.1363206252466,1129.48924866314
6,126,38.3217696360487,23.716058304706,1098.64752770812
6,127,38.1058350965636,23.0575328669182,915.852341504633
6,128,37.7302712459709,22.6748161546067,667.361076622356
6,129,38.4361651362648,22.514196152472,950.88493292586
6,130,39.6969577149143,22.7947999523672,1125.77986846533
6,131,40.1940482692154,23.6878307513349,693.646578346775
6,132,40.0450892485787,23.4353164489675,1257.49177918846
6,133,39.3317873435525,23.6603635033221,1220.19770732762
6,134,39.0037023255995,21.9876310654909,1116.84020426691
6,135,38.6144232475729,21.8659249211091,840.705673607207
6,136,38.5730273504838,21.5062362315934,859.703494914986
6,137,38.781055312448,22.4412431047575,795.240249513563
6,138,39.0545696842468,22.2491723932111,1072.23855328388
6,139,38.1167898854419,21.8711476100292,942.709665810269
6,140,38.9173661754539,22.0524174083475,804.797256810916
6,141,39.8893035638449,22.2238490947874,1203.35793702636
6,142,39.8802821281409,22.2857755456597,1083.88672679915
6,143,39.5622331314796,22.9725035661782,1440.64770005716
6,144,39.537654828868,23.2232538499462,976.352924547435
6,145,38.6263390908671,24.1405244088021,1118.62757608957
6,146,37.3929915510681,23.4948470885428,727.803465900616
6,147,37.5236181982866,24.623787703074,1189.52206439089
6,148,37.2343509847105,24.6354901835435,726.751652329202
6,149,37.7910435811106,25.0400127923007,1056.58184210772
6,150,38.8021623761389,25.2152633439117,930.553436716416
6,151,37.9897121897754,24.8115339389847,1136.30365773899
6,152,38.088597877308,24.6480757615066,1186.78378496586
6,153,38.0099983314569,25.1769019160345,1108.57117816089
6,154,37.761988865592,25.6419822045551,950.975689827407
6,155,38.1093755522612,26.1618788365783,1104.35563015089
6,156,36.8325044324798,26.2548286237178,1062.004606609
6,157,37.4482414022694,26.1500550708913,1050.91432601924
6,158,36.206730734007,26.0830691378009,1454.20013286801
6,159,36.170481395816,25.555764213045,1073.96499705562
6,160,34.7173676714015,24.7136720776531,1022.72003600907
6,161,34.1903043919529,24.2397354665142,734.264704840779
6,162,33.1080127813032,25.0643783999022,1079.08886610608
6,163,33.2439443498068,25.2176048898619,1064.54050729657
6,164,33.1229902220087,24.4521591124736,486.023304164493
6,165,31.7083902710562,25.8323260224798,931.888605056739
6,166,31.000761790942,24.4732447216754,1083.2590605507
6,167,31.6187659994378,25.6562790906841,1207.36797780759
6,168,31.5728427785676,25.7732578121284,730.41725198986
6,169,31.4695855125353,26.786923791044,1281.35440702952
6,170,30.9691756378615,26.3595425494991,811.436446668435
6,171,31.3193262511316,26.2795919823851,792.245551073704
6,172,30.777161124943,27.4902657495669,935.03026856543
6,173,30.1154458653305,28.6874077197826,1266.23970782515
6,174,29.4686367314845,28.6845471533486,1172.6031672728
6,175,30.1652936111554,30.5274254491464,1029.68558346183
6,176,31.1127434269585,28.6510717971311,1015.7131655201
6,177,31.4872287888911,29.4364119551864,1181.59659957201
6,178,31.3899459057227,29.3432496563674,721.242131223218
6,179,30.5722815300742,29.8927359602655,976.702232879304
6,180,30.5795189062967,29.6248682332672,664.356046188243
6,181,30.2177791497367,29.2324778267169,1068.08266719555
6,182,30.9740758422574,28.89830839569,1039.13047436046
6,183,31.0519959562022,29.7895340890126,1220.48786454355
6,184,30.635886895915,30.2927123003964,932.97388318277
6,185,29.6067701291012,30.7020450280868,718.798028671031
6,186,29.4648546724118,29.8235867682341,960.095368949065
6,187,30.2812414467718,30.5438168151319,1076.55362011532
6,188,30.3293527572884,31.159608275643,988.982160566244
6,189,29.7873125951739,31.6467534747198,996.319312123543
6,190,29.1923920507882,31.6948913592619,1155.04037750921
6,191,29.8300418583803,30.504799308837,1214.66672378622
6,192,30.6202008360243,30.6250980157148,1312.97960686047
6,193,31.9488142750626,29.9470654078026,665.198723864332
6,194,32.0898463288491,30.4722171511329,1277.48902701512
6,195,32.9752753137887,29.6551795564076,1421.44364651963
6,196,32.8627089942446,30.3766181250284,1068.64289902374
6,197,33.1577625836102,30.8006333912096,994.52955657929
6,198,34.4062835503256,31.6418694873128,988.220527982567
6,199,33.9981128604505,31.0510853779409,1065.10968821643
6,200,34.7187667706958,30.792993697868,826.2804509658
7,1,22.6747162166276,20.6316961240325,1075.79504755483
7,2,22.3218816462962,20.5821694762554,1403.05290772442
7,3,22.5500887585153,20.1913732151067,924.894487668889
7,4,22.2214326885725,20.1269448410895,920.706301083334
7,5,22.0453427182189,20.7524009039057,966.644513883103
7,6,22.3896786900579,20.7123795008499,773.437375534104
7,7,22.5445343868375,20.6266729740592,1347.88816815304
7,8,22.6047655566312,21.2039220696221,1087.00149268521
7,9,22.4178646723342,20.368740720635,1252.90355281462
7,10,22.502675197017,20.1209730522758,583.360560622829
7,11,22.3364374832584,19.7967706814344,1250.67815144439
7,12,22.1854801892594,19.8106755445723,1165.47651987464
7,13,22.0270661069239,19.4354093270365,920.259870851821
7,14,21.4548535876637,19.6560602829872,914.554162156039
7,15,21.1823774376096,19.7229084404144,1386.81012488679
7,16,21.9374125533291,20.1959043523135,1352.6323840332
7,17,22.1025116788376,20.6019687631389,1166.00561427192
7,18,22.7600564905732,20.0189074721412,1312.77752965651
7,19,22.1431973555194,20.0930118647479,858.39767979183
7,20,22.2947425940225,19.9704570036864,1187.8393249121
7,21,22.5473515561209,19.3810740666104,1022.88019042659
7,22,22.9513188995134,19.8823540536045,846.885261543574
7,23,23.0074796894708,20.230568301786,865.571792681103
7,24,23.1623431836722,20.3519831365387,694.609330400564
7,25,23.2516900820705,20.0198864943422,519.530087654707
7,26,23.5688159517902,20.0046334292945,997.608244512691
7,27,23.7541630598533,20.19149726988,721.106475651174
7,28,23.8956425891445,21.092301077136,825.710082343647
7,29,23.5930999249011,21.1506700134838,991.02531333763
7,30,23.2886398485024,20.4668468181034,893.480031343408
7,31,22.9741960339571,20.3773089916737,1180.6439506052
7,32,22.9769118975991,20.1437627997576,856.824168355336
7,33,23.0796562773992,20.6408028023318,1338.36719681589
7,34,22.8952568696757,20.8582839090278,905.324633192437
7,35,22.7818748321141,20.7650740243423,1148.37710634677
7,36,22.52404058695,20.778581441949,1082.13783010869
7,37,22.1045522775601,20.7761328528813,1171.66845553465
7,38,22.5922127945437,21.0760804488783,990.98949973491
7,39,22.0917598041766,21.0441663775282,808.056391451701
7,40,22.4568667872838,21.2274704750508,1161.85565138495
7,41,22.3797685770412,20.9454844979839,739.191664371868
7,42,22.6136692081206,21.2013858254129,1398.495264442
7,43,22.5965461704513,21.1165303667737,1120.16171651002
7,44,22.605430546705,21.7396607447164,903.02637559552
7,45,22.4498306395094,21.4092324360107,1168.7616926502
7,46,22.0108088422438,21.0260562828618,1333.65662418993
7,47,22.2648890407098,21.1007287824487,1033.72902720698
7,48,22.1124743404633,21.3276442939033,1233.62798327248
7,49,22.390736750152,20.6655875098437,1436.23797674528
7,50,22.2248774870322,20.7457867383034,1051.16048590343
7,51,22.8178984688243,20.5918173372899,1161.52250729671
7,52,22.4985560210351,21.1718648583753,1422.12378348059
7,53,22.0225639801971,21.0218920954125,1156.6536815199
7,54,21.7004442592093,21.2515932133639,1119.79531699411
7,55,21.4816325381211,21.3484425821348,941.790615706601
7,56,21.2378602803788,21.1604776384907,781.704401184842
7,57,21.516725064106,21.2363923013393,1123.63359438049
7,58,21.068767918666,21.3628214321854,1015.89030243386
7,59,20.8161132767352,21.3540551926926,1352.06303383707
7,60,20.9738219277289,21.2765093073311,1062.37932888195
7,61,20.7933296506216,20.8201902856868,1288.89011691621
7,62,20.2867103031359,21.0053918971525,974.294914736889
7,63,19.7297156306617,21.1897702305955,1021.1160747649
7,64,19.5112152811845,21.2753469785696,780.620681081403
7,65,19.8867885025655,21.3670619756087,1218.17577921701
7,66,19.6347395409995,21.2681984262187,697.701546983947
7,67,19.5929581288504,21.234478041768,952.553267201881
7,68,19.7487105500523,20.9953568088241,783.630881928763
7,69,19.8561513026853,21.0498546453268,733.705755719186
7,70,19.863288639842,20.9630121834473,758.510912876474
7,71,20.1523716249796,21.4929598120609,852.924049499374
7,72,20.3864741091316,21.0942606853899,860.933420727547
7,73,20.344768116924,20.9046759756926,792.988025063138
7,74,20.3126792216897,20.6748279311415,972.913177017675
7,75,20.2066085770059,21.4400538539495,824.746273175472
7,76,20.6829103379505,21.0542919736973,1155.93457184576
7,77,20.0011334229183,20.6582448766727,966.311146863111
7,78,20.1553327385927,21.1162686138104,1001.12901199706
7,79,20.8581651345756,21.0501461846556,944.037618523381
7,80,20.9005642480786,21.1459333576556,987.326728103149
7,81,20.532418914766,20.8896751438863,1012.59399587209
7,82,21.0816429790951,20.8017780975785,1512.5971516048
7,83,21.1178921525172,20.6654203533568,980.574485217924
7,84,21.5072122098711,20.6168453175976,1013.63181331965
7,85,21.0484197610706,20.4209049695508,858.738946144119
7,86,21.4047639898484,20.2435365349825,1062.91111642168
7,87,21.2518381141433,20.6184097698254,800.612972699392
7,88,21.2634971982323,20.5428508744288,1080.75467531139
7,89,21.3881020625518,20.4673950433622,1167.48660254924
7,90,21.3289658052608,20.589807941386,1028.57298334487
7,91,20.8779095172825,20.3735074838946,1234.50292107136
7,92,21.0722462304871,20.2024234296289,1027.24194419045
7,93,21.2647459614557,20.0774515885874,827.771740175413
7,94,20.87714917948,20.1898197223574,1059.48853163903
7,95,20.5219985097072,20.0046104157448,823.655100167762
7,96,21.0010155573427,20.0229318113803,1057.11054181851
7,97,20.8659702586869,20.0868241016329,1200.07063498825
7,98,21.0350232170773,19.9411704185708,880.315047302158
7,99,20.3908391215714,20.4395475265689,1333.7118266605
7,100,20.4513712761365,20.1446703673916,1088.27004681432
7,101,20.2256378849981,20.0667264299769,750.64229512246
7,102,20.0076587806558,20.13313362925,1132.02804416696
7,103,19.6401300950095,20.270299714651,776.658098462929
7,104,19.9085444762078,20.4078640260332,710.038477199341
7,105,20.2082123284026,19.7634255291607,826.523654407026
7,106,20.9348874422498,20.1989795468044,1245.40759813887
7,107,20.8174736273842,20.0730894200003,1171.36170326272
7,108,20.5747854579223,20.3403720594457,879.781670457364
7,109,21.0439801069792,20.7120799797071,1036.10240952782
7,110,21.3749122780746,20.5777418202213,890.004790893003
7,111,20.5877785409163,20.9022413622654,943.914142966822
7,112,20.474775359562,20.616721348987,1049.11946553795
7,113,21.4927433839125,20.6497443422584,862.29888539825
7,114,21.0124387212136,21.1867984326467,1072.04859366031
7,115,21.0827018931898,21.1738082075116,1413.88272774835
7,116,20.5963643776718,21.2857161041755,1211.89228445276
7,117,21.1785888229727,21.010634070393,1319.37468322909
7,118,21.3722580807385,20.9814030102265,1110.66487213016
7,119,21.0460117960068,20.9720582269276,904.500752998554
7,120,21.2607110371743,21.007224385187,1193.51076210614
7,121,20.9231070287261,20.7899821147021,1052.93830991402
7,122,21.0168760142129,20.7925675607019,1316.51479605862
7,123,20.5775941165905,20.8594422864943,1089.27445928539
7,124,20.3447239857307,20.3717918743429,980.897429411029
7,125,20.582093390309,20.5044464429063,993.543056979195
7,126,20.5658688289166,20.7422969015866,1038.11679440468
7,127,20.9356553899901,20.3402511931531,995.208308306463
7,128,20.4996645473102,19.9716073833269,1224.08337347321
7,129,20.5671315295674,20.1960502804435,853.293090758763
7,130,20.259667138314,19.7824439925186,1206.36288280472
7,131,19.9910071143874,20.454226138431,1232.04734715758
7,132,20.164310625927,20.095782617496,1094.08666903772
7,133,20.4300076028249,20.3406439582385,1137.54811586864
7,134,20.2107191212048,20.3048705595946,924.619662940366
7,135,20.4351142854093,19.991539401246,998.890587175145
7,136,19.8820916711916,19.9614647693404,984.210438968226
7,137,20.3359326788171,20.2551803792191,798.435239943408
7,138,20.7116706191377,20.6199462865699,1028.02641762846
7,139,20.8049376722808,20.1642435926337,1085.87941905662
7,140,20.4219473051299,20.1442132880879,870.551708817715
7,141,20.6449422051292,20.3530090732749,1259.99990152582
7,142,20.4652237636789,20.170731826773,1268.26509846804
7,143,20.7693650173611,19.768436846648,850.549842857184
7,144,20.7858706330747,19.8212391484962,1196.14088911204
7,145,20.987810311451,20.6072228085997,872.254581388436
7,146,20.9372245841987,20.4470052426544,1051.47293509328
7,147,20.5175869689392,20.6775484990075,992.117443328348
7,148,20.3823051588333,20.8676463485006,1427.24416184362
7,149,20.6513030599255,20.835793759174,1168.43064463357
7,150,20.4386922367589,21.0261506608342,839.340646274828
7,151,20.5404392305013,21.1186541861456,604.820426293163
7,152,20.2211227298587,20.7301106826085,774.174747153851
7,153,19.8231201946868,20.6022083755578,1023.51270496782
7,154,20.1008346053423,20.655941396171,1302.86824135573
7,155,20.0616411464444,21.145643194884,803.954111146832
7,156,19.4364735599995,20.6409138005166,508.469906627501
7,157,19.7988905589214,20.9753237391337,702.680554783622
7,158,20.0230100347372,20.8830957689158,961.801202126098
7,159,19.8257836382904,21.1616510583692,1163.93134169654
7,160,19.3306228571405,21.0518375075453,1000.54381167017
7,161,19.3827081419873,21.1572067365011,1054.49899093952
7,162,19.9432976553825,20.8243448105878,930.267040403881
7,163,19.1904007425462,20.5521117846906,959.506783395475
7,164,19.237015928987,21.182389699525,1017.25786165747
7,165,18.9043841086705,21.2861398316503,1110.8318655615
7,166,18.8446565636549,21.4263108243911,1002.50129907299
7,167,18.9890980177031,21.2890210431361,1130.60155947228
7,168,18.8076360635432,21.7766349949776,1352.01885821085
7,169,18.6162433909466,21.6124185150888,912.654226100121
7,170,18.8779776971599,21.1974524135237,819.217944796377
7,171,19.0548673295544,21.8440568974428,1085.03212122068
7,172,18.848497746938,21.6390997250485,1347.27920232357
7,173,19.1941993856937,21.5516466442014,795.001620907203
7,174,19.3973000381239,21.3898200277282,1095.45006707428
7,175,19.7422464234679,21.2427190940521,911.005199500971
7,176,19.4756670423735,21.1319027551177,1025.10445864194
7,177,19.3756284557054,21.1756811098587,898.911338701165
7,178,19.6462441770878,21.0586605004185,1053.79122484938
7,179,20.2719743789023,21.1527573733199,945.125964198822
7,180,20.0086344854779,20.8676373873581,930.799090174727
7,181,20.0504458624722,21.2539887247684,976.748075593097
7,182,19.8047946027253,21.4361345513978,811.18822589158
7,183,19.4910407600662,21.8502353399477,1104.2011291389
7,184,19.6305298235084,21.6597298819423,1139.82059582037
7,185,19.3005874606053,21.4278054475796,663.081359261609
7,186,19.3034734121358,21.6340363239583,1274.99450067829
7,187,19.8967706262124,20.9429250381676,1014.39807945216
7,188,19.5033355308828,21.2808115573505,923.010526045224
7,189,19.6696115777928,21.4554883232301,1074.97266380957
7,190,19.0373255873588,21.8457511027932,888.492880744459
7,191,19.6795030966687,22.1498279362508,1006.20093613234
7,192,19.9365767540154,22.0652202977347,852.789004243707
7,193,20.1422880870661,22.1844793563037,735.563894757896
7,194,20.3323103529452,21.8977593227774,825.155995969501
7,195,20.5612717851551,21.4485653673837,1036.43825859234
7,196,20.0998270767454,22.1649364998081,1237.46104812224
7,197,20.0178786385019,21.8744910778938,839.579765919398
7,198,20.1203395996955,22.0400002817653,1215.65439567183
7,199,20.3994686994509,21.5026440036453,1051.48629192017
7,200,20.2970957675389,21.7133562767115,1144.80133001118
8,1,31.2287683921034,23.3258408077352,1103.99427920155
8,2,30.9884648832439,23.8546249829494,1326.50750328146
8,3,31.3572104838381,23.5885296667408,1019.1311351077
8,4,32.1372122220192,23.447464382036,1290.07101193082
8,5,31.5995533622742,22.9186796122945,843.857611851918
8,6,31.5327773417633,23.0294813792157,1520.81710894151
8,7,32.2869144709644,23.7646821051737,764.679078380602
8,8,32.8080966440497,23.0275755892969,776.782192859938
8,9,32.6278376234277,23.5728582124311,921.072115240637
8,10,33.3029205179173,23.2001538809836,1144.66043068206
8,11,32.9949203059863,23.6510089302227,1215.6138348393
8,12,32.3189387050857,24.5212889967346,1000.3583515601
8,13,31.0353084198954,24.1686822813415,1111.380669663
8,14,32.3489715095422,24.6111055723085,714.76935572833
8,15,32.771669542346,24.0636168615153,727.145722790125
8,16,32.568369964843,24.4732647663767,894.724555954441
8,17,32.92180097142,24.1652593935785,1281.13622513803
8,18,32.7187437411275,23.9004828329769,909.739570494535
8,19,33.0688821506254,24.3411724582189,958.995489333756
8,20,33.4605786053292,24.6335588724198,1013.38865538502
8,21,33.981012717022,24.6748220000913,976.047566864604
8,22,33.9940445249548,24.7156058082205,930.576990607297
8,23,34.0819714279364,24.069174892746,1314.51805490814
8,24,33.9539021260088,24.2619625895819,836.789846272142
8,25,34.0177598957425,24.4501469853171,825.576092734236
8,26,33.9216548456897,24.7972968194437,1160.07979038153
8,27,34.7687501588872,24.8457502310435,757.293013901091
8,28,34.302149459916,24.6180070389329,1452.1178784983
8,29,33.2747281110776,24.856069299456,1189.5097269303
8,30,33.837114173418,25.0568182457757,1142.82222844625
8,31,33.5958160826539,24.9657387349675,1119.01507419461
8,32,33.73766987584,24.7477945938072,957.716235965476
8,33,34.3179122491046,24.5194091395655,1242.35558449509
8,34,33.4064531699402,25.4079818524103,731.26431916655
8,35,33.1501067314093,25.7096588113795,749.729565129073
8,36,32.6672823701699,25.4244936702348,869.001561419255
8,37,33.0654035381089,25.0245532049589,1312.71029208182
8,38,32.9696332442429,25.8342590842221,607.041279795478
8,39,33.0438148972452,26.1889778928248,529.83659879021
8,40,33.5867776702842,26.2007171468086,866.830767654235
8,41,34.1516274396601,25.8947413296223,817.915693043004
8,42,33.9503256957254,26.1391874806799,1222.90187147202
8,43,33.4210311654897,26.2628506982533,1137.35614583336
8,44,33.7193255013846,27.0764147159134,1180.95843267674
8,45,33.7668680817909,27.013862723315,900.853393103211
8,46,33.8230406259482,26.7044470328748,1184.79458538386
8,47,33.7122159618264,26.1811303531282,1120.06582058
8,48,33.0988528419376,27.320854508051,996.628880385602
8,49,33.6934741873335,27.7417132786048,802.236480101961
8,50,33.5802080872756,28.3040880841742,1355.98434937525
8,51,33.3115253058755,28.0329804666785,569.35145835279
8,52,33.176286928185,28.6531032946926,885.539086896992
8,53,33.4080306417473,27.8176020131152,1096.07922455705
8,54,33.7884240065866,27.8734796436137,575.113084176273
8,55,33.1049979130818,28.2460399562403,939.78883143478
8,56,33.3410919565291,27.5728857653502,1314.20417315248
8,57,33.6414090412373,27.6511258279926,949.7270744488
8,58,33.4723690193307,27.2556687766012,1191.94384928885
8,59,33.5480578492002,27.2148679003811,1284.94632084344
8,60,33.5001164046434,25.9042142527523,616.383838863133
8,61,32.9413091136807,26.1627469677626,1175.27194974053
8,62,32.9652818229867,26.5409152439227,1159.63339885574
8,63,33.1206248696653,26.2854712771182,1039.70521722042
8,64,32.9094671443175,25.4911235877932,1656.19720928528
8,65,33.08914821996,25.508175201453,852.917438776111
8,66,32.8139476579577,25.5933085782638,1283.9792949261
8,67,32.3427272776734,25.6763842111418,1295.58347664975
8,68,33.4898464243215,25.3046563636053,519.685281010618
8,69,32.6762801598049,25.1812354552669,1179.11738769003
8,70,32.9749876060897,24.4389390137802,887.347226611521
8,71,32.8597865804055,24.9570453525632,929.972848022678
8,72,32.8793127022205,25.068813750676,978.440541767435
8,73,33.3666906224331,25.0973146263924,1398.52511612726
8,74,32.2549172640604,25.5099398461146,897.913705398374
8,75,33.2267369950923,25.920432481059,696.798908545218
8,76,32.905782680535,25.7857986346042,1013.4843389041
8,77,33.1793316645943,25.4177744546451,1042.1059773946
8,78,33.2382053918775,25.1671555181207,1255.26648551783
8,79,33.0149041848372,25.0190042751044,757.621324469864
8,80,32.6635142215108,25.2136595653197,730.768107311304
8,81,32.9443731235419,24.9575284608865,1054.86002195144
8,82,33.3207924073541,24.4836482313026,937.276374607813
8,83,33.0163663658645,24.9187562077517,925.356094333021
8,84,33.3180922668072,25.1710400514982,937.496184371836
8,85,33.3240985183643,25.0578023458016,1173.13229629585
8,86,33.2842112617156,25.025044696808,1047.61023806267
8,87,33.0175204453099,25.1869275466069,1142.22280302301
8,88,32.863511086141,25.5729703469807,809.782105668639
8,89,32.586582937284,26.0992968283591,924.380634939272
8,90,31.6422359382724,26.3827174830593,764.934324890257
8,91,32.115980863796,25.6813041728896,1673.68834125057
8,92,32.656448055228,27.0131583163829,1100.15965299917
8,93,33.0924049832314,26.7045582147269,955.16549765079
8,94,33.0751289267236,26.743788024535,1194.39245416555
8,95,32.3272368989521,26.773085377489,775.111972687452
8,96,32.9617926181977,26.8683952316186,1265.59139822507
8,97,33.5144337396179,27.4576942086386,954.096999475162
8,98,33.6423098271271,27.3218498754748,1169.1891237673
8,99,33.6046110503244,26.6656738327191,909.456339339545
8,100,33.579214710172,26.1736161281186,933.42487547141
8,101,32.8004203781935,26.0856394606467,893.078855027912
8,102,32.3011685110777,25.5914325600331,1139.47429987998
8,103,33.0422865793489,25.0324434854628,1054.91847904732
8,104,33.1431607304115,25.4971991644229,769.604495453596
8,105,33.4300968499765,25.7912577847356,1428.60084164583
8,106,33.0146462664434,25.4230542258401,1161.29729159097
8,107,32.1783318842082,26.0773859838573,886.162296204406
8,108,32.4498028283878,26.0668485954784,965.449705002995
8,109,32.5324536326055,25.1207018132531,1149.35638343381
8,110,32.7357837210248,24.8810788281604,924.479883988919
8,111,32.6200515319847,24.8741093817688,738.788068788439
8,112,32.1799968011029,25.0698747254054,758.881862273776
8,113,32.4844423808786,25.441037051996,1152.81780146428
8,114,32.351822226357,25.2737292996131,1083.00911277903
8,115,32.6057331578959,24.986790225384,1444.94832262
8,116,32.8078816142821,24.9129572687129,945.835332044172
8,117,32.8419230731402,24.4749700971941,993.623393442193
8,118,33.1014553245802,24.1634999593642,1373.13691071464
8,119,33.2548314823831,24.155875203025,889.883404298944
8,120,32.9255414607168,24.0286808396906,948.354139742045
8,121,33.2713433326443,23.5647249794272,875.528524126693
8,122,33.3549900253028,23.7316976383993,1221.33127547565
8,123,32.8995860305278,24.0472424574181,1048.54814352708
8,124,33.7978557236086,24.6144826589799,860.727905955338
8,125,32.89104811119,24.6801476023109,1159.81484400114
8,126,32.8326657713832,23.6901299473854,792.989247005105
8,127,32.7987504046886,23.7993938006347,1020.92895779094
8,128,32.6253784353595,23.9706691769622,985.812579216475
8,129,32.4122356237441,24.3556503710282,1179.87671907509
8,130,33.0572412958699,24.6802867281965,1105.23727915233
8,131,32.7826806360031,24.7801720091852,960.993247904476
8,132,32.4868865559499,24.3021257009814,478.301376021516
8,133,32.6944666982513,24.2282324515561,1328.97933966237
8,134,32.6761157517826,24.64688341932,1062.19347448119
8,135,32.5351696071346,24.1538603440038,986.924447417804
8,136,32.7897002685284,24.3899240086747,875.22221187912
8,137,33.5084001872381,23.7562795867276,1133.39428466294
8,138,33.7095388429186,24.5863655177681,642.80280060812
8,139,33.3802890323866,23.5485189639786,1133.94116326027
8,140,32.8728371316054,24.7575298280591,971.183098022636
8,141,32.625749210128,24.1307047745732,960.495209239456
8,142,31.9991631730763,24.4085199702198,1322.4358356795
8,143,31.4670913970887,24.7659080784117,910.052827166461
8,144,31.3242229007361,25.1732820891934,823.194743311697
8,145,31.7037492130918,25.1205285566029,1102.52858947475
8,146,31.5120035836616,25.892126592951,1230.30802121221
8,147,31.6298983786374,25.0589122901511,1202.31062988003
8,148,32.1472788156842,25.1302859491772,1137.28090645508
8,149,32.8539663313405,24.5551390445798,1005.38624815014
8,150,33.1487842037907,24.6963039352908,840.965648948671
8,151,32.6686886713922,24.2889726104347,1133.30759504928
8,152,32.7763582989027,24.346201984996,954.828488295809
8,153,32.8329242460839,24.8822566623291,1092.89262024155
8,154,33.2423163080653,24.5953908268422,1190.57966891359
8,155,33.4417226768787,25.1852962133391,991.521101637045
8,156,33.3136381036402,24.7184734294543,725.069758467664
8,157,32.7370448826521,25.1830210787132,917.767787720343
8,158,32.7896811504095,25.196449740896,1098.85218564729
8,159,33.0187141411092,24.8889139014965,775.110417500609
8,160,33.1750598351082,25.0215531150099,950.130680588106
8,161,33.17842600011,25.1302012387682,799.840229477931
8,162,33.7799282996145,25.4320611290052,1197.24906913411
8,163,33.67009872085,26.0286204266395,964.867321377562
8,164,33.5810968325554,25.9675935628874,1053.99942701242
8,165,33.1850580425523,26.4025390772144,865.920797297878
8,166,33.3508361069102,26.4859184134725,772.268457027682
8,167,33.271719516669,26.3137544784573,939.536232728605
8,168,33.7853295947913,24.759919960682,845.008861247338
8,169,34.5003090335166,24.707676096183,1012.69212984649
8,170,33.9381681421073,24.4499784079096,973.677587765421
8,171,33.542934720752,24.3988271472041,1421.6018357905
8,172,34.2566283907382,24.1288768601836,944.722195209074
8,173,33.6300245402432,24.0536993300508,1380.04688103795
8,174,33.2090065535654,25.1489223004889,915.896264074211
8,175,33.726502431266,25.4137886018031,867.027563482399
8,176,33.993347974647,25.4623552167457,913.601212329881
8,177,34.1861356269441,24.5659940318126,889.104640219223
8,178,33.3625503863255,24.9654135635174,1284.38531650928
8,179,32.5837214585608,25.5565013381904,809.48949554202
8,180,32.9908117372199,26.710193591547,845.080221422516
8,181,33.5196568755101,25.8018384931183,825.297164685041
8,182,33.4896664419848,25.8018688476311,617.314313133496
8,183,34.0240541544791,25.3177483822421,935.182736526875
8,184,35.0843015905574,25.7629762046784,802.282330305999
8,185,34.5118133994224,25.9819076835215,920.533257127392
8,186,35.355788520041,26.3774578034202,1161.18985601571
8,187,35.452137046556,25.5941252897587,964.890941305009
8,188,36.3162858060296,25.9512041238177,901.493726264067
8,189,37.1357939541771,26.6322562492833,1022.3434785267
8,190,36.8308814161097,27.0021264554168,1032.89782465816
8,191,37.4211391128961,27.4807857794959,1229.64815512724
8,192,36.7381379926605,27.4048967895751,1130.7457901353
8,193,37.2438525928544,27.238900947008,1288.00188894963
8,194,36.7931918007,27.6674066736078,1116.69351542536
8,195,36.8811793808386,28.2713361352907,951.701814454832
8,196,36.5033713818394,28.2484403529659,944.537882543668
8,197,37.0249051803137,27.9894794432739,912.013407469244
8,198,37.7651394062961,27.2663034396952,834.251787844048
8,199,37.4744276146562,27.0038862171586,1216.39706048367
8,200,37.0333422264434,27.3617794094025,768.09296107046
9,1,33.4211886717862,33.5037520138701,869.043198148419
9,2,33.1425242577713,31.9359759685381,812.929385957866
9,3,32.938008025083,32.5441513207877,929.266327882979
9,4,32.3186352567444,33.1355516144906,937.763964437249
9,5,32.7425885986197,33.5513646572633,846.596203813427
9,6,32.6343478350808,34.4184929712513,1088.17251792813
9,7,34.044736963402,33.7827562297402,1147.52556456237
9,8,34.5203809668445,33.3056105833659,974.293674732032
9,9,35.3294687451221,33.2016541631097,885.508077564377
9,10,35.7296589743361,32.6915824911054,994.166070434351
9,11,35.0506674126244,32.3900652410435,915.263695117828
9,12,35.2251022226087,32.5596135758099,976.119625315806
9,13,34.4556075332458,33.3438108642158,840.335859744428
9,14,33.9373629403145,32.5809280625891,946.528775920861
9,15,34.5846467028745,33.5805837385653,836.776394883202
9,16,34.7452075175153,33.4251322948471,1069.27483611733
9,17,34.7936294561167,33.3314159371892,1353.53422654678
9,18,34.0975760609641,33.1538815578044,1028.57178813522
9,19,33.1599305041476,34.0698184997537,1381.74138332506
9,20,33.3369493698157,34.1768413783252,1154.43678486977
9,21,32.6957690540543,33.5791470312376,1197.90306480102
9,22,33.1859468007556,33.955877895385,974.710823146561
9,23,34.2104487506538,34.124222227569,1376.01501910912
9,24,32.8947492532119,33.8838579021756,721.392459640166
9,25,33.1748733175153,32.721731148043,873.543411462993
9,26,32.8086939898817,31.3347024587544,831.970703278187
9,27,33.7209681732198,31.2446198888576,549.330865869015
9,28,33.1824232768419,32.0083548615846,918.80123165269
9,29,33.4323544372932,32.0831767376309,1003.75473056918
9,30,33.3816840138129,31.6828582023804,956.015815413169
9,31,33.2835615907375,31.1419302779284,1092.67528964911
9,32,33.4898873490353,30.5578542295367,853.894263736651
9,33,32.9587626116967,29.6616700093006,766.035448842085
9,34,32.91608257878,28.1959550983771,830.332082656773
9,35,33.2810316556474,26.9867588617683,1005.26584183083
9,36,32.7199010589433,27.1539656495307,885.46240770035
9,37,33.2957348983399,26.8492323020691,1211.28150676851
9,38,33.6939898256765,25.8291174897176,940.273260848241
9,39,33.7902544358211,26.4964239705074,804.404914810613
9,40,34.5635071309117,25.6018961920454,834.950700871006
9,41,34.3342968182654,26.6347357069827,1026.44519536432
9,42,34.5338267410963,26.6398098321447,867.200055326535
9,43,34.4665283102869,26.8749858313594,1085.17907922191
9,44,34.4657800355914,27.0577440643585,999.814128439366
9,45,34.2603163652104,26.5335984379096,1004.16646640218
9,46,33.2726355058459,25.8816995665621,652.767314412966
9,47,33.7061604122442,26.1716205254748,1012.22211293471
9,48,34.3309840860951,27.1690308561721,652.361996414057
9,49,34.1675351983086,27.286720573816,1111.26814096406
9,50,34.3059651234219,27.1069286869649,1239.50477190159
9,51,34.1082153933584,26.7380195260358,766.343871917094
9,52,34.856562279091,26.1769265713839,997.505855189757
9,53,34.6873813704579,27.7948238549528,934.020402912233
9,54,34.6624279259153,27.0636495843394,1014.60213335183
9,55,35.6973808868475,26.6112278850929,937.452228246796
9,56,35.284233394056,27.1190880837822,920.844819245983
9,57,35.30595358523,26.351988196707,853.961855467734
9,58,35.2442456276813,27.0979576576005,1204.48370483686
9,59,35.4149092296111,26.9523064556495,852.766730733988
9,60,35.4157788805135,27.0427453842477,995.346625823642
9,61,35.0864444867738,27.1419143574032,842.245185508144
9,62,34.582194860777,26.3456560587353,843.870442952964
9,63,34.8422690024998,27.2603809090688,1168.7129123773
9,64,35.3646558920767,26.7364280504288,909.259098047656
9,65,35.9091919035706,26.5363153388243,812.019043761058
9,66,37.0402309353651,26.2018442318443,1077.45390690244
9,67,38.0738298622632,26.8513504435811,817.748933194407
9,68,37.8558817252052,28.4460807127071,1036.27003065372
9,69,37.4428009544332,28.1115065400537,727.749778140182
9,70,37.7232275855416,28.3564056965167,1017.93936187984
9,71,37.548393068468,28.5272838175012,1132.97835546218
9,72,37.0126788554214,27.2690440606467,998.275638058329
9,73,36.1256241761579,26.6172385448365,989.610687429884
9,74,36.4624441710127,27.0400373857869,946.001353857713
9,75,37.1261594248051,28.3328068682966,449.37083087404
9,76,38.122631285607,27.5997028239413,1212.72061307157
9,77,38.4938975819994,27.440927491299,711.369623355113
9,78,38.8147883504004,25.891140451256,1122.28446308391
9,79,39.4839416678178,26.8158952689901,1116.55736797233
9,80,39.558491510878,26.3780370310817,1154.96551349194
9,81,38.0409932498694,25.8524275173294,1153.42936546463
9,82,38.2062253645033,26.0952916621879,1222.00560118911
9,83,36.6627228053092,26.4983341634348,967.962982571413
9,84,36.3216896508118,26.3897043482199,1068.36524386801
9,85,35.7172694635479,25.851742176878,1143.33670138246
9,86,34.664130489167,25.4651279877626,959.122744325139
9,87,35.0779859648173,25.7462600261776,931.339823570554
9,88,35.4732937784788,24.3494571109628,1174.34093906962
9,89,34.5120512074513,25.790582187141,1136.8646315359
9,90,35.4532901878963,26.1632930451181,1129.87229121641
9,91,35.3680553460468,25.1925946935638,744.772145359747
9,92,35.6311482720508,25.0336374483976,1110.67917675268
9,93,35.8235575635235,24.6654015019619,1000.76684237167
9,94,36.4993552713741,22.7848944163941,1012.60784901057
9,95,36.9354286944069,22.7107580045131,1003.47576619601
9,96,35.8890399488888,21.9413596262207,1150.72397773169
9,97,35.5952028224233,22.9867002882666,1131.17787257873
9,98,36.210341075247,23.183311865554,798.701059867835
9,99,36.8594118684391,22.7381794133374,1040.82637544241
9,100,36.9254427981786,22.4163777650258,990.659535988504
9,101,37.5052156461461,21.3668192443682,1412.47818343519
9,102,37.1752684023015,21.3786707737294,499.513308428579
9,103,35.9868026630705,19.5737071777072,817.073462810819
9,104,36.2940144449314,18.3559599818362,1161.38690634291
9,105,36.2621376267936,19.0746192619023,1289.99664166038
9,106,36.9393936374582,18.7972306801527,1113.32416046048
9,107,36.5834087106325,20.1533257066721,1131.53380881837
9,108,36.2017537084453,20.4745055319773,1069.65387137787
9,109,36.8811969248117,19.8031576704889,1116.852103212
9,110,37.1312875006204,19.3880018503409,1111.90617318456
9,111,36.015285274358,18.8272221591051,745.912139352755
9,112,35.8196553484766,18.308434125568,925.918868802449
9,113,35.8848625125025,19.2039607271493,1212.7628117882
9,114,35.2183553312802,18.8060048012937,948.261886136331
9,115,34.0305099522858,19.265199479725,808.646346375427
9,116,33.4597792400169,19.6532998536839,842.581021904805
9,117,33.1278723309777,19.9749759095581,964.642348962628
9,118,31.5233374916112,19.0096243142976,718.13764959194
9,119,31.9571737190444,19.2503393344504,975.436333425373
9,120,30.8597806394666,18.7366914163898,1170.06166060985
9,121,31.7167318886001,19.2650295504863,690.382186929891
9,122,31.6888791805372,19.2643596506275,893.368922666426
9,123,32.7170683794616,19.4283421107048,1096.92234796963
9,124,32.2973134645003,20.2925527632454,970.166177199487
9,125,32.0596657100766,19.5977868035113,994.543293658144
9,126,32.010001824887,20.4252670475509,1154.21056152056
9,127,32.2659314782488,20.4729591290194,1113.70291979944
9,128,32.5111726902724,21.4165631196073,691.822858433467
9,129,33.5064002196982,21.6200800825087,661.546586250946
9,130,34.0958321511454,21.9805123349866,826.597629820748
9,131,33.6777438042682,22.7746777292726,1135.08921469886
9,132,33.2722417771035,22.2830830871765,1087.85722753897
9,133,33.7919401373541,21.0775154266024,1012.76019996315
9,134,34.7483790994642,21.5049225289595,867.470684450388
9,135,35.0659156477401,20.3625887110214,873.419286744919
9,136,34.6042175494009,19.6471566662979,1090.65671782641
9,137,33.8083651966032,20.7140856724571,951.662443006225
9,138,34.2855534570037,20.3144517768961,866.2940936652
9,139,32.7119222950131,20.420976847383,836.316194189879
9,140,33.0115979447117,20.8098231139367,788.313853444498
9,141,32.8822841956877,20.5386966189957,856.483276442942
9,142,32.3504666621645,20.4763636692569,921.760700710319
9,143,31.4269179729066,20.0171795555248,856.222595901145
9,144,31.7241092347585,19.8805421925417,1351.07930775588
9,145,32.6192524915406,20.6250249096222,1250.26389176283
9,146,31.8487752383498,19.7129737502671,779.431950471924
9,147,31.7673974202563,19.2622606295454,941.194364472058
9,148,31.9086202543076,18.4713266513808,1006.4129128455
9,149,31.3049076052124,16.9734185554065,946.834663788617
9,150,30.8229617092147,17.5807550813398,1034.23025405072
9,151,29.383320495508,18.5959584053644,1120.66271731181
9,152,29.7755942007898,18.4451912813868,995.811504999486
9,153,29.0577385550993,17.2626943735775,728.478082742297
9,154,28.9275727580924,16.855191094297,1005.8822330664
9,155,28.5880275437326,16.7072645583013,614.052674817278
9,156,29.7701747165285,17.0333476949905,991.426778588043
9,157,30.4523436463795,16.7665688282612,1068.69564440075
9,158,31.1942751839065,16.1287414312343,1147.38655687877
9,159,30.5580290914687,16.321945587403,1107.70138241671
9,160,29.5059066281491,16.154354698626,971.668010534247
9,161,29.2187879977258,15.6384146838685,905.030852733987
9,162,29.9757450591757,16.2138827959476,962.858805613198
9,163,29.0593156508742,16.9941106841679,1062.26473644129
9,164,29.3526932247016,17.2238730021404,938.538792487362
9,165,30.4886447521217,17.7051792277862,1201.484149188
9,166,29.2396504041078,19.1440050873828,880.830360923103
9,167,29.4674403665701,19.7146612607707,1318.57922238297
9,168,30.1389056160817,20.3107724130713,1329.00532468928
9,169,30.0559106580582,19.5040757306411,1078.49486657632
9,170,31.3003147003521,19.8107523161041,1008.53133570347
9,171,31.1336832188909,19.5054481086538,666.909528623496
9,172,31.4404300813996,18.7700425196648,515.254023627655
9,173,31.5587884368334,19.588140174972,1246.75850691542
9,174,30.8312183821528,19.8220542185015,1032.15547425147
9,175,30.441213495112,19.7854080274574,1296.5732780123
9,176,29.8772732904957,19.5608669469827,905.686722319394
9,177,30.4175923619983,20.3831747182574,907.988553500538
9,178,30.079126643674,20.2877717457604,817.809228956101
9,179,30.1089017470248,20.8821713597262,1178.35205912955
9,180,31.1424952413025,20.7563062316414,821.797054073763
9,181,30.9842311219202,20.4142754675194,1275.23673568861
9,182,32.9912304911841,20.2191334326182,979.778041473737
9,183,33.9671349245554,20.3101163161786,1271.10232487945
9,184,33.082902485991,20.0051796947851,909.195035300344
9,185,34.1962201968167,19.7563236631047,774.735438838694
9,186,33.6733217410068,19.9427989835909,1162.78649058754
9,187,34.0836198891962,18.6509967098442,902.494965118737
9,188,34.3898212395279,18.075327356695,1163.90026487431
9,189,32.7612477105042,18.0180040189313,995.152744764031
9,190,33.1955742882877,17.0315591944032,737.821167241694
9,191,33.8655209330695,17.1435105889234,726.137883531611
9,192,34.0786901214394,16.4523839943268,769.432479411099
9,193,33.3767084232579,16.336730330106,603.726533090413
9,194,33.942401067388,16.7428272201744,592.738807672957
9,195,35.1056747175518,15.7819290803463,448.471908772299
9,196,35.8948654186912,16.299415635537,1057.58970111083
9,197,35.5476702264909,16.7419535573192,1190.22331714423
9,198,35.1887072893525,16.1250599211665,1432.34316808698
9,199,35.5889201118095,17.6263139475475,1251.402786869
9,200,36.5773108476507,16.9027517683959,1089.26732981096
10,1,24.2681075567279,33.2129156529207,1175.57987084558
10,2,24.550974523265,33.7285929146219,917.316853374006
10,3,24.2962083172008,33.4603291332869,1434.30105437585
10,4,24.1759584193627,33.5808221439152,940.500386647492
10,5,24.0245448652638,33.3546834822074,751.282923937443
10,6,23.5300855261739,32.862328755958,1044.04585796692
10,7,23.9050324416952,33.5648434354138,905.81413170213
10,8,23.8711360468524,33.7234667602573,790.453570440181
10,9,23.5580271659884,33.9971507168713,780.34826650891
10,10,23.176217670106,33.7906743151868,1096.96940246269
10,11,23.2910024112297,33.6011178981738,1009.02313948016
10,12,22.6565357463005,33.3241668766227,1042.93868201205
10,13,22.8026651570086,33.6496814553676,1069.16999390783
10,14,22.7523814335734,33.6375373240383,936.077352184371
10,15,22.7019797076452,33.9037911376235,1079.55311209704
10,16,23.2340409597432,34.4693035840365,1256.37919978629
10,17,22.6134432816221,34.0087839093467,1394.64445895351
10,18,22.5261950226264,33.3907635363462,404.325906860668
10,19,22.635944504903,33.490905097577,1000.87735340346
10,20,22.6191621079767,33.3705975391268,951.630665703652
10,21,22.6126047551263,33.3892990908295,1324.89436196973
10,22,22.8152841534939,33.0215224346621,1051.58785134342
10,23,22.6465898666734,33.4139703888495,899.622962077289
10,24,22.8118225780155,33.3062991530665,1189.61444751781
10,25,22.7208540661821,32.9103079287681,1070.13200334022
10,26,22.177954556914,33.1014363618767,1037.2321599743
10,27,22.3405874432653,33.0261321013554,975.778123646188
10,28,23.0281395345832,33.0223818397288,928.004604833514
10,29,22.6476646834755,32.6428117366707,752.676624626599
10,30,22.8399045294598,32.772106665924,1179.70188148914
10,31,23.1947846950373,32.8222909520051,1155.16374550522
10,32,23.320836996343,32.8845184160588,1071.57028371742
10,33,23.4975646765664,32.72865820879,995.256256477316
10,34,23.5074489790933,32.519346592438,1163.85224136382
10,35,23.0120528025774,32.6456026470994,543.824261524434
10,36,22.6829575403379,32.7600336014816,835.486491342805
10,37,23.1441557069229,32.4452518727822,877.256903905822
10,38,23.7942432255727,32.5113107308836,921.64780036728
10,39,23.2567927820333,32.4629769990155,807.236120468016
10,40,23.3861637787055,32.547929372457,1090.4046965441
10,41,23.3388611770844,33.265047765454,1108.95286824352
10,42,23.3152252858501,33.3773693471621,1081.3657792555
10,43,23.3689081953488,33.210331654207,1094.81770558463
10,44,23.8113899409945,33.3180413920513,971.292438729161
10,45,23.759717584233,33.3369123336788,1160.40275281568
10,46,23.201806540914,32.8588777550709,721.478727760054
10,47,23.6853161737405,33.3449048142377,1085.38817393985
10,48,23.7534485288525,33.1209452707212,1055.15876992873
10,49,23.8660247690535,33.0482142083995,836.62140838294
10,50,24.3031299947643,33.5611060799567,785.506203959771
10,51,24.0509553598316,33.8785856385946,859.902330466047
10,52,23.6797663285063,33.8333540209664,828.326333417912
10,53,23.5752305711009,33.8106041312961,1052.65728205308
10,54,23.509984305658,33.5938943960542,874.387342894661
10,55,24.101314353107,34.0961421426318,1144.14417855285
10,56,23.9085235774466,34.0283760980651,930.698227158161
10,57,24.2693885879066,33.9553801208777,1146.07466201711
10,58,24.3034488369728,33.7458869883737,707.792187799304
10,59,23.8999088301424,33.7327173789365,1062.09689488172
10,60,24.012252029737,33.6466359974577,1008.03798886135
10,61,24.4718855077583,33.6218303641154,744.020230013083
10,62,24.0337803539069,33.4813807565757,857.721693977807
10,63,24.6976193847875,33.7549169945989,1124.32795969404
10,64,24.5087652004201,33.9139314038036,992.436505860342
10,65,24.023639609927,33.2996526131415,622.070062173907
10,66,23.373885594391,32.5754045349494,896.483340119392
10,67,23.5577870072945,33.0912903670521,914.760615686084
10,68,23.2570566172847,33.4366815131779,693.613355625713
10,69,23.1336830456595,32.3421852673716,920.309318795035
10,70,23.5393830158472,32.9522106382581,1267.19821389366
10,71,23.0706337636683,32.9452545406539,435.507769001096
10,72,22.6548111877156,32.5051913237939,1072.53671291986
10,73,23.1422351072829,32.1674911317655,602.574140042148
10,74,23.284220353883,32.3459737460305,798.254636516006
10,75,23.0348034702043,32.2083009542655,803.861048952477
10,76,23.6975937123549,33.047673331277,568.859863706901
10,77,23.8017373923907,33.428841595149,741.267891413782
10,78,23.7963849827421,33.7507413996865,810.923555404511
10,79,23.9043329807496,33.2645008386006,924.461141792646
10,80,23.8484933275763,33.3347892653518,866.377788013968
10,81,23.4034932751167,33.4176395515514,1063.8220034241
10,82,23.9277603748247,33.0253357368267,991.645667825931
10,83,23.926721513687,32.4692920345934,1144.41453532222
10,84,23.9483972237871,33.202322002417,517.974769967096
10,85,24.3038024020782,33.071010432929,1246.57523289344
10,86,24.2808171196424,33.2232561358733,787.836329850087
10,87,24.649258236284,32.8850791762498,1163.54802098386
10,88,24.5020146639661,32.4514412205486,1047.61645743889
10,89,24.2491693063641,32.6065362003905,1113.47271547744
10,90,24.4886357029324,32.7851787144987,1232.88683271019
10,91,24.3934450939737,32.426148855635,1243.13799457126
10,92,24.6985184614655,32.1207636505607,1083.25702935275
10,93,25.078693590582,32.360882246139,1085.44481544773
10,94,25.0053147837377,32.082276547755,786.981587775993
10,95,24.8126955720302,31.7416013071306,1011.54342901655
10,96,25.3143881207773,31.6607371571178,895.526054099264
10,97,25.6338282593318,31.6466790324696,796.594363077482
10,98,24.8020667482456,31.4298675987897,915.40376408717
10,99,25.0283220523853,30.6771413770322,1178.8624235849
10,100,25.0034303501614,30.8781367548464,861.924561610972
10,101,25.5527654023671,30.8065886836253,1062.4882456814
10,102,25.8534074991406,30.977649508276,958.956315380449
10,103,25.8936906488797,30.7642869137334,971.615198754987
10,104,25.8936855678828,31.0236648848759,1104.39764555479
10,105,26.3391922279451,30.6920556626495,938.883515573471
10,106,26.0610858336634,30.427713292731,1001.056228089
10,107,26.2978128281676,30.9913452776591,1231.05037174688
10,108,26.5515512685654,30.6510410819729,1092.02192566942
10,109,26.6107120277263,30.9368814341192,907.459994337959
10,110,27.0529107990839,31.0393304013624,929.187462400327
10,111,26.9052141564956,31.2078622030211,980.678765124611
10,112,26.8403336447274,31.3833486525267,501.226181809078
10,113,26.5896770315715,31.5466075689724,857.514245511989
10,114,26.8057928528838,31.6345759384963,685.505694994582
10,115,27.3318121137789,32.3660849586714,1002.61100876565
10,116,27.8953187740347,32.4109403348271,1286.83507546295
10,117,27.4632197403748,32.3757962121027,1040.1661510133
10,118,27.2262405784581,32.3454306105886,914.274401157093
10,119,27.3639354720198,31.6774134676279,897.96386356925
10,120,27.2232038688814,32.3213416311443,1176.93184938511
10,121,27.545682279321,32.0832976810651,768.274920694644
10,122,28.0759280548093,32.2680343271513,1118.13873706101
10,123,27.5648490295965,32.2991043071876,1041.8714182172
10,124,27.6804738746599,32.1122746753244,1052.9860317746
10,125,28.0367404464068,32.1079077991994,975.4882415439
10,126,28.1091710453363,32.2370326171053,717.39247452204
10,127,28.0229184937027,32.2428400380886,1093.02604675729
10,128,28.3904605031963,31.6707211855726,996.23331322135
10,129,28.5560153932608,31.3993086875785,1285.59763716145
10,130,28.1558365718141,31.2858724632738,973.053795122563
10,131,27.9789582280179,31.8993019916582,1096.66545398424
10,132,28.0042853917571,31.1973207970595,830.847889019957
10,133,28.0671154991467,31.9037011726542,931.51096997894
10,134,27.8124392427125,31.5472417839333,1077.2724835601
10,135,28.1793493594352,31.5396437322904,1400.38503326653
10,136,28.0776382965637,31.3623942258283,970.062816446844
10,137,27.2845361634356,31.7598410457062,934.301054274578
10,138,27.4130094284229,32.72972305751,1308.32947978613
10,139,26.9970042812758,32.1592747619309,1013.05425861506
10,140,26.8140499319365,32.7419406912248,1116.80587131107
10,141,27.1381661066644,32.2438577391631,1221.52767915123
10,142,26.7674827928074,32.9796016869263,1292.02792676408
10,143,26.7617376309263,32.6103585477928,1099.41658691747
10,144,26.4042696133592,32.9037693057609,999.852636756608
10,145,26.6028419823137,33.1770269481334,1264.29435825499
10,146,26.6279229486203,32.8197980493834,1488.11564095307
10,147,26.5885376156854,33.051543544078,1634.00077505872
10,148,26.7187487701372,33.3201608434341,1096.22357418181
10,149,26.756229744777,32.7603980434975,979.493872965396
10,150,26.4098144850084,32.9694834444883,939.770474035435
10,151,26.5209345175358,32.8063119201053,897.472168552276
10,152,27.0912607731759,33.1024465190897,678.456486793851
10,153,26.6387533401215,32.5822085013026,1339.72507564331
10,154,26.6662471023075,32.327242406336,758.993240016872
10,155,27.1834988034832,32.5056764680869,1199.86352294215
10,156,27.120538024558,32.1878865928702,1120.71839058413
10,157,26.8539794458108,32.6505195567305,818.786186919534
10,158,27.0214244840578,32.3859682499911,874.87502684195
10,159,27.1945807684634,32.3160487967174,897.694358704612
10,160,27.1917770109569,32.2772110334947,812.899842408853
10,161,27.1658661547166,32.919142150271,852.179371937077
10,162,26.6924114404245,32.9158090359996,880.74276825518
10,163,26.6590672122529,32.7000274964731,1126.24988609505
10,164,26.4059020222824,32.4711189846652,915.811997001939
10,165,26.4048669465128,32.1444214202635,643.771516041829
10,166,26.4131195020403,32.1321835102105,1127.75826774727
10,167,26.3763279715417,32.0475137406646,1009.53340500953
10,168,25.6032133655534,31.6347785353158,1206.81690536445
10,169,26.1512081495739,32.0911033278301,834.628025469417
10,170,26.8228344102614,32.2926404233039,1290.48480460385
10,171,26.4259788156509,32.3088362958342,1032.45612085197
10,172,26.1108775394298,32.1927323516571,835.270234519341
10,173,26.7516095910617,31.9822715663985,523.270499693155
10,174,26.4680663620881,31.933953955179,1334.88842024055
10,175,26.3445003542748,31.897780250019,1110.65926813526
10,176,26.4677846605653,31.7677326569784,1044.74294154162
10,177,26.3985584539373,32.918291740049,1347.91361331662
10,178,26.2068509973751,32.5034471042632,457.189344759243
10,179,26.2544429225253,32.212801047566,1132.07612007837
10,180,26.2566788642398,32.4083604591974,911.019369827664
10,181,26.3260634462699,32.0342629574428,1125.50136253685
10,182,25.9312327658285,32.3911156618895,982.32812553975
10,183,25.6458344142894,32.5105518149178,762.191071102491
10,184,26.3808525397135,32.2634414591832,785.073058435769
10,185,25.9235854535939,32.5407138475966,846.406766851272
10,186,26.0162331017981,32.292500988231,1232.37561431077
10,187,25.6302218878146,32.6727723259899,920.785801770832
10,188,25.6650901885056,32.6160453345251,1252.47196235842
10,189,25.6718922584618,32.4094655651017,1254.74715221001
10,190,25.1190618811229,32.8632387471149,1179.34339238609
10,191,26.1683946333169,32.4451893221873,497.171922972671
10,192,25.836183931969,33.1644189325832,1071.44556919026
10,193,26.6254208944585,33.4712855732219,1126.91779750029
10,194,26.8781030620876,33.0827733188541,822.978839111353
10,195,26.5052616357806,33.1455106280481,1284.47348402368
10,196,26.8015639279523,33.2332070513283,986.465358975457
10,197,26.4430183252598,33.3753098494594,1010.76797520688
10,198,26.1559124627163,33.6180519211961,924.342379506092
10,199,25.6846599176338,33.3591747090464,867.269749256241
10,200,26.3874562893623,33.384066326334,969.245928003734
11,1,29.4982728782597,25.1077361795151,740.399772415385
11,2,29.4703161223019,24.8556951516989,1106.02123836024
11,3,28.9201387510523,25.4161548519286,1136.0447716026
11,4,29.0187197476499,25.689815978372,1042.95629726871
11,5,28.9463198694266,25.4080666089506,873.618989123474
11,6,29.1378747932597,26.075010855982,1219.39573084816
11,7,28.5280751089482,26.7295183756363,1021.02668760018
11,8,29.0807021194295,26.7183293633977,1048.42038119549
11,9,29.4783674235112,26.1225067937925,960.525346746196
11,10,29.4717110092476,25.6899194075119,933.046057782446
11,11,29.6580313238332,25.3849296651703,1133.71454869233
11,12,29.5023659027955,25.9014841701981,1322.17584653719
11,13,29.4789361330356,25.9306396613002,921.886721643126
11,14,28.7403429472412,25.8212890952176,1073.19285600466
11,15,28.6932575932124,25.8677999540269,851.691880080195
11,16,28.5787923091444,25.5632292892215,914.696382481634
11,17,29.5566075104235,25.2102459614051,705.506494129822
11,18,29.1822882120851,25.1807141625443,898.753872973043
11,19,29.8899881367317,25.0872275603917,601.88647706459
11,20,30.565072311827,26.1266141245418,1339.4645092945
11,21,30.3141167004039,26.0312916876125,827.085612025045
11,22,30.6215083325195,25.6591264522454,675.652837409957
11,23,30.2758086760581,25.4336512230238,993.697730015701
11,24,30.2342615153835,25.4322898400711,1253.95194642699
11,25,30.0677669699474,25.1991992633594,905.558696348526
11,26,29.8773291997381,25.7481681195386,821.838914361673
11,27,29.5525296525417,25.6569182720743,1446.16147496878
11,28,29.1815563345392,25.4018118680628,1152.80417870037
11,29,28.5978178404283,25.4157136006435,980.588710276501
11,30,28.5376566204176,24.6255438460153,901.381476441248
11,31,28.2196662671688,24.2286874330455,1136.51910737593
11,32,28.5176843817721,23.3616807479427,1042.35826787682
11,33,28.0016195293178,23.159080590679,1100.42059093183
11,34,27.9830687511825,23.1947094776881,1069.78052202064
11,35,27.1648384537117,24.4899428131255,836.565837317362
11,36,27.5905046361743,25.0606723072747,885.593252801568
11,37,27.516825612411,24.8754146241704,956.14963315255
11,38,27.4422517644101,24.1544642961255,1203.80037453635
11,39,28.0917058704391,23.8985256064256,1437.41080203596
11,40,28.5541674742352,24.1301679582961,943.311892842334
11,41,28.7897414451767,23.8792759148665,844.112936668658
11,42,29.2908008756731,23.6909807833392,886.939843998684
11,43,29.2272033835222,23.7586372082147,823.818585369522
11,44,29.3687806267115,23.3563558413886,796.726485280231
11,45,29.9511649713929,23.9167669477134,1145.04751181275
11,46,30.5204519921567,24.1371707749828,956.14930511636
11,47,30.3447285449976,24.6056134169866,1298.92509013318
11,48,30.2500550692722,25.1368473625992,884.069353860042
11,49,29.818351651401,25.4040593290154,1158.91678872046
11,50,29.6047504689143,25.2078729587022,855.304350249661
11,51,29.2437774046873,24.4141145364021,717.374430436486
11,52,29.1150880370796,24.2401343624372,1162.20783620727
11,53,29.5489175294367,24.3915055942924,565.120389642572
11,54,29.4432468828075,24.3032911950542,1139.63648157704
11,55,29.4483118425883,24.4558463293696,1086.62339281369
11,56,29.6129770022163,23.853098389306,1160.89682779612
11,57,29.6519384015114,23.4548420904631,1042.88501290566
11,58,29.7975360080004,22.9293390598969,1566.21467284894
11,59,30.0324852241929,23.0912122475281,845.555911534179
11,60,30.2848994080278,23.7525200035721,1181.11444281893
11,61,30.6626746099486,24.027377717559,1189.27296258605
11,62,31.0388735005266,24.9016911510556,1049.17540878441
11,63,30.7771302002156,24.4959768653449,1414.6219824697
11,64,31.5337828317704,24.9831142773657,845.719979033478
11,65,30.9451944448247,25.1340472628566,1017.12459898528
11,66,31.2634539565116,25.9719727354566,782.363000732781
11,67,31.4897712136591,25.4760606142758,1182.19838093095
11,68,32.410886862931,25.8924952090241,1307.29192167264
11,69,33.3696350256405,25.8735984835202,1106.93207519378
11,70,32.3272713728196,25.8004209643728,1366.99581151758
11,71,32.8844988268047,25.978289892159,1068.15106410453
11,72,32.6652989677234,25.6417012743705,870.633098138649
11,73,32.8940614270432,25.5514154248894,945.847816214326
11,74,33.3048574684534,25.3485931650362,1152.33090643863
11,75,33.530583414404,25.2009568060507,1144.99723981001
11,76,33.8306358063595,24.7312823911084,657.584430072194
11,77,33.2410004376388,25.0359142970937,825.079087107044
11,78,32.8263930904128,23.9456420189621,965.225243943377
11,79,31.239866208432,23.5440199615659,1322.62837360423
11,80,31.4249744444982,23.6696364142893,1217.31810565165
11,81,31.5160832519017,23.316644559378,884.697659435293
11,82,31.8422981442565,23.6683038487928,1021.36148634939
11,83,32.1590994892505,23.82818392504,1230.33381683482
11,84,32.5963727095143,23.0568258445972,877.062540604719
11,85,32.2857507496728,23.3492336979189,1071.60417790699
11,86,32.9799797284152,23.4678128322754,903.939646975858
11,87,32.840680432542,23.4701253056305,906.348712361053
11,88,33.0584290469418,23.3934448653412,1287.70301919277
11,89,33.4109578883766,23.012012280614,1001.1577167661
11,90,32.7547425520524,24.0296275603945,871.140457731144
11,91,31.9265304754197,24.7479323096541,847.258615882778
11,92,32.6098170222538,24.6777442767788,992.989735273739
11,93,32.6117148654638,24.3015495496732,994.978959574003
11,94,32.8458813596877,24.4175009706558,762.869571633687
11,95,32.6873458112498,24.4313850748075,726.095825336028
11,96,32.8655567783025,24.6716295370924,984.393304608938
11,97,33.5390143186928,24.43528607494,1441.41900244234
11,98,33.5465073350608,23.8571959728359,1036.75217693619
11,99,33.6827492433397,24.1951814728828,1248.16844639967
11,100,34.1208994553028,24.6705079317132,1315.77291901795
11,101,34.4559974636563,24.628570418613,1101.3503263772
11,102,34.1490633138811,24.3858962507262,1044.68905700568
11,103,34.1172450187262,23.58562485863,845.869510058858
11,104,34.0000363007233,23.5607847122,886.356210009058
11,105,33.8827109883964,24.3321309615574,1076.25634548302
11,106,34.1463746030451,23.5686957884408,828.733546421084
11,107,34.7205149224365,23.584957874041,884.951437078033
11,108,34.3984948857895,22.9782412235314,1212.51172466539
11,109,34.290738925201,22.5473867417313,1109.69294716139
11,110,33.9699920241009,22.9934238960193,1217.85750159713
11,111,34.2866370724686,22.5107966690044,628.437542224221
11,112,33.8816182015966,22.1979570647021,927.797606409894
11,113,33.9474865442081,22.0033018389154,602.175455807893
11,114,34.0544244214231,21.7700545475225,821.853569011229
11,115,34.1946552397063,22.0037028088402,1049.68676926803
11,116,34.1727982828461,21.2684678691005,1059.55370964367
11,117,33.6255303307415,21.8381083030968,653.445252056985
11,118,34.4968016304429,21.660886208782,1174.50281242621
11,119,34.2715769491358,21.7681686085105,886.647826926991
11,120,34.4226561111832,21.4188629952449,657.67207917616
11,121,34.5125584839384,21.6496841020721,947.615393328592
11,122,34.582625171213,20.4140482395206,1102.5149717
11,123,33.4915142102108,21.1990707902061,784.767505387726
11,124,33.3529657609327,21.2952297316217,1079.08330408385
11,125,33.9630240994041,20.7326771159189,871.842336064881
11,126,32.9841722525484,19.9254669794317,1072.77806927403
11,127,33.3159344438673,20.2529379732398,1014.46060384874
11,128,31.871253301512,20.2198497000765,1013.27586624233
11,129,32.9088516158822,20.3459493158861,1243.25375830742
11,130,32.8961484973094,20.1929505373178,1184.94805314366
11,131,33.5610122954888,20.5416781456842,984.241592711825
11,132,34.3982181911245,21.3691429246617,1051.63775181053
11,133,34.0054586258656,21.8278841350546,834.751904496893
11,134,34.1295955907825,21.6673294233416,761.56491341385
11,135,34.2707564205847,21.5856407250995,602.312016220851
11,136,34.6960997153418,22.8952760917915,736.804649949797
11,137,34.4198493714446,23.0120120777191,781.511941819601
11,138,35.441311234662,22.7690024085201,908.016711103527
11,139,35.6838256429631,23.4418006238171,955.386798103123
11,140,34.8360108617414,24.2492111269385,1250.25631058794
11,141,33.8345787973235,24.2914020791575,811.128559005738
11,142,33.9529646623753,24.9363024267564,1095.74024038319
11,143,33.6584091888527,25.3504292881594,921.395190476279
11,144,34.2885896039274,25.1287664071269,986.006433658519
11,145,33.8439396683769,24.9015934904237,1087.56322289479
11,146,33.6418797107249,25.3019362055727,824.353346835113
11,147,31.9244501695206,24.7242665210024,1134.57933247711
11,148,32.888759578679,24.232861223388,937.785307055902
11,149,32.762275532462,24.2644431367176,762.902021380909
11,150,32.8711536500415,23.7232818515674,1131.70356505594
11,151,32.9201486675351,23.8524746540337,1198.04964260727
11,152,32.5383085933263,23.5667959064777,1248.98501863176
11,153,33.2687826325905,24.1688979622734,740.130220971605
11,154,33.6894538183731,24.2996903011677,859.337525350978
11,155,33.9935426193014,23.7107375909678,524.908593918069
11,156,34.1308407817794,23.4833569965829,845.662837742192
11,157,33.6033679917989,22.8901431032742,1197.95685227136
11,158,34.8196613771261,23.5339876021626,907.225159586464
11,159,34.7632484036847,23.7416270176591,1086.15055996708
11,160,35.17558589473,23.5050487167424,547.459677716925
11,161,36.0321328043617,23.7482717724497,1289.55451099071
11,162,35.7900564185483,23.9626297437983,1195.4814302162
11,163,35.3465091387405,24.2548462067444,1061.64832102243
11,164,35.7598084494903,23.6589153186965,1175.67510476977
11,165,35.5023750782984,23.6154563283245,1088.01431691186
11,166,35.4734987019202,23.7646973811653,880.037718578713
11,167,36.1795176597001,24.3725539174132,819.288613538668
11,168,35.4640394721718,25.17698473185,816.278638869224
11,169,35.7687013039601,25.8224593291931,722.487250537815
11,170,35.6991907820249,25.8933690216588,850.93575617531
11,171,35.1813952791907,25.3197274412984,970.839785909495
11,172,36.1602275890787,25.346546774271,1085.56412496073
11,173,36.3398188329226,25.2225330881069,1219.28680221918
11,174,35.889913835091,25.4485418765502,819.696251893775
11,175,36.7736264181871,24.9997345000721,1163.7993970722
11,176,37.1000144862825,25.4719544344336,808.535659365923
11,177,36.6722377346737,25.5980428393808,944.959062765452
11,178,36.2496308319204,25.2650060827394,821.384944781253
11,179,35.9229871201589,25.1122239255448,1088.57451393798
11,180,36.4644855728452,25.6784951364461,1245.05970800766
11,181,35.5812535421526,25.5641230329683,1342.81813759534
11,182,35.4274645237311,25.5112770301169,1164.45022496991
11,183,36.1039372215222,25.7623313082281,1110.28007997367
11,184,36.316611770759,26.6511299388754,769.043165581545
11,185,35.502772463487,26.2460175339392,1185.23907673609
11,186,36.8042712537456,26.5491420219501,854.768926309162
11,187,36.9609283863612,26.8218129564442,1115.21043065824
11,188,36.7661595359027,26.3563440336309,785.776078572148
11,189,36.5092009597766,26.6816470485563,1151.80907388984
11,190,36.7498492073138,26.9077234117433,1111.33053168943
11,191,36.5877065836899,26.1409750256322,1138.935339507
11,192,35.7037018678708,26.5797461284164,618.215972897916
11,193,36.0162275393165,27.1797720782702,1390.03441320812
11,194,36.5900886588492,26.9494006511848,1103.88210681934
11,195,35.5266926087566,27.1455907945593,1272.45061425577
11,196,35.7472245295154,27.8141475725675,1112.24465403727
11,197,36.0162143445406,28.3082004790972,626.273424405245
11,198,36.6309161175687,27.7087357716738,815.164925344621
11,199,36.4457603718048,27.176284987902,1378.63063215766
11,200,36.4964987081393,26.7200944890369,850.505936041286
12,1,39.0298568384236,36.6155632600256,1112.1488307884
12,2,39.7199230294795,36.1226355004298,1080.60395669855
12,3,40.0368537725821,36.7345758155984,1049.54926104578
12,4,39.9498163524709,36.6628578985987,1037.09842517924
12,5,40.4957609249185,37.074760652447,524.905691329863
12,6,41.9844868751222,36.7685964584267,828.082517016557
12,7,42.3725238300649,35.6532016860494,1262.83448323748
12,8,42.3180249183271,35.0241347112756,1390.02028509711
12,9,41.8480622809426,33.8502580491401,773.633658899673
12,10,42.7463032973125,34.3941990073974,1342.63927339178
12,11,43.3988801633577,35.2552934908641,1262.86635641874
12,12,43.688095951749,35.3141556656489,912.504266260024
12,13,44.0147085226309,36.0345892980554,951.351237686487
12,14,44.1542777255248,36.251684310171,773.412841475865
12,15,44.0108099704817,36.9284280567857,960.078138477882
12,16,43.1124517763727,37.0426418173645,1021.60365551632
12,17,42.9095233074297,37.3206196612532,1237.5771544524
12,18,42.2371935889788,37.7362680470093,1362.44651580216
12,19,41.3473285533073,37.5262956964315,1017.65187256231
12,20,42.0531015297995,38.2645231229089,811.606938600553
12,21,40.9851872753694,38.2299648282004,823.654069761734
12,22,41.1392495142764,38.6409364480828,1374.80731405432
12,23,41.797597316838,39.1203155419798,739.418702426996
12,24,43.2403772454865,39.0969220550154,1105.11735366408
12,25,44.2538650321041,40.3985465560587,1179.87387830699
12,26,44.6437757759719,39.9881367357795,620.560551152525
12,27,45.5565540983684,40.6517385462614,1013.30585599343
12,28,45.3780086052705,39.995658177728,465.209093762793
12,29,45.6239809666274,40.8734775993615,1258.33149465908
12,30,46.2865967880854,40.6902561656821,753.430756939082
12,31,45.4675782542501,40.4497686642304,1110.57451856777
12,32,44.8903579900034,40.8369137872097,804.548430671067
12,33,44.8007265437018,39.9639055215021,992.540995065499
12,34,43.8338601121492,40.3127422016593,1057.31230079563
12,35,44.2690839110304,41.8154010129687,1227.31985783894
12,36,44.41668178208,40.9636796226535,826.931241457451
12,37,46.1312928693037,41.4106756996729,1075.25962351732
12,38,46.3059604247402,39.9723234581514,911.254596861981
12,39,45.8431222104141,40.2842098543642,637.687430438596
12,40,45.2867719865513,41.0437461498586,1082.68641330965
12,41,46.9907215418341,41.1087814669864,1043.64255215788
12,42,45.5740650634462,40.647061100268,1103.55692557649
12,43,45.5881064839688,41.1086430840379,920.358948740236
12,44,45.9340842675317,42.0103143712842,876.556332268713
12,45,46.3540066216156,42.2622858558913,623.883279215907
12,46,46.5344760174706,41.3681820588494,939.815172507441
12,47,45.6186538255325,41.2993226085938,1098.7079097877
12,48,47.1784737301637,40.0785125987152,829.034850863007
12,49,47.5964452976878,41.0983633748188,1075.63860686776
12,50,47.7211181618798,40.1212644555065,942.57115529695
12,51,47.4503580012499,39.9370778541761,1073.42809403888
12,52,47.5229779191949,41.5242177804582,1105.04257906216
12,53,47.0792291081156,42.4033837373039,1130.62456805433
12,54,45.9990218751044,42.4459382378544,521.339380786093
12,55,45.616846285144,42.3948562061301,1181.6675395955
12,56,46.3390033411289,42.4812166729012,795.072271301767
12,57,45.5951568989747,42.4128259541932,933.465801911481
12,58,44.2026594415073,43.8713915890645,736.61951842905
12,59,44.8744802226975,42.61084058784,993.325850941145
12,60,44.4801246489042,41.5305219918101,685.186130318261
12,61,44.7844273774897,42.5974078381243,944.361098022761
12,62,45.2633519848313,42.797584967718,1085.61986199925
12,63,45.8880849665904,41.9268980856208,826.085640082033
12,64,44.9625064843455,43.6908930747392,1065.98611895961
12,65,45.5011504704841,43.0193058088479,735.179344047794
12,66,44.27540932431,43.5244666659224,1000.83575524042
12,67,43.7920718614655,43.2750881616798,1260.89290667304
12,68,43.802716683653,43.8072652134821,620.813295815228
12,69,43.5943080623074,42.5738311811242,988.402341790847
12,70,43.3038910462083,42.4349687309585,1037.64651854972
12,71,43.4686306811968,42.2515584951374,1030.30039922035
12,72,43.528066127442,41.7596439496058,1141.8860485893
12,73,44.3457519548266,43.028364074719,1099.48644616639
12,74,43.8559377415338,41.2448637058826,1041.32462202151
12,75,44.4921036133452,40.7579657399645,970.102869274874
12,76,44.1237748659444,40.0988108092555,1001.29438858452
12,77,44.542959914061,39.440499222859,918.798229273819
12,78,43.9145740689471,40.1287370200836,543.310683450652
12,79,43.8681057801897,40.5014804940609,1419.66676375748
12,80,44.2896980060098,39.0567034197768,1058.23398706941
12,81,44.3256803893361,39.1442333456866,1035.37413189875
12,82,44.5679060687671,40.111588704498,788.932297510204
12,83,44.2433330892497,40.1678046112874,764.187417997601
12,84,45.2253180484799,40.8063187082936,1177.56459908873
12,85,45.745517229658,39.7548024879958,1153.47857695718
12,86,46.5136345093452,39.7399523217198,1187.74844879456
12,87,47.4500280913137,40.763780993567,1155.00151532691
12,88,46.5610870769352,40.652980625371,1173.01372507148
12,89,47.461421028666,38.8660695315578,788.106591282969
12,90,47.0125234768055,38.2441867524911,680.271089449355
12,91,46.8651542911281,38.1929004340824,1179.0160623854
12,92,46.9904103233343,38.2485940534152,1060.35687410118
12,93,46.4973128147894,39.630668457646,1306.26621593917
12,94,46.4380046142722,38.6621275458756,925.359865004972
12,95,47.4350826766273,39.2841006096895,1496.0074165898
12,96,47.7369599223525,40.1295948504585,701.045271882628
12,97,48.3895765444138,40.585668215565,1215.6009738615
12,98,47.3427946916864,41.1533379718352,1023.23543350604
12,99,47.2091032127527,41.7425630680074,825.846447146227
12,100,47.3623869969263,41.7806979417591,919.806828469512
12,101,47.2543751822482,42.5224389391938,1403.88200754635
12,102,47.0926616987036,42.9534743346154,751.470156808448
12,103,46.5953798785718,42.2974807061617,915.380113007652
12,104,45.8492291244484,41.4165249933393,1248.93848723786
12,105,45.4833402603132,42.040734991031,940.772940986234
12,106,45.2290984382553,42.3671491764501,813.195133043238
12,107,45.4562369739042,42.8583509188296,1007.0209721073
12,108,45.0725938407654,42.9337908916916,1072.92899211672
12,109,45.3406599467019,43.1903035791331,1111.70305950916
12,110,45.3490999152903,42.618846915317,1016.80402260394
12,111,43.5418931552885,40.9224408565883,930.391929307707
12,112,43.3201422855808,41.382538521546,990.721650165451
12,113,42.3732940028583,41.7311861463865,854.125900433073
12,114,44.3654981399426,41.7438037083115,1044.48327242584
12,115,44.6418218557041,41.7594514889979,888.507181257354
12,116,45.4262800009598,42.9600436358173,834.400407664613
12,117,46.0240462637337,44.4323564599944,1001.39767841245
12,118,46.3046604710034,44.2171576786756,1264.88336892036
12,119,46.36771408277,44.1866650079759,918.98844522366
12,120,47.0008953498424,43.6929160564865,1170.00690345014
12,121,47.4477713877932,42.3381176713387,1012.10285293973
12,122,47.165226861016,42.8520281618915,929.495361622614
12,123,46.6729146321773,42.3286554949135,1034.88994783455
12,124,46.6957917760616,42.973983416278,1149.04755935128
12,125,46.1126928586326,42.7765371732951,992.485477385702
12,126,47.0270759322341,43.3867843307603,1015.67671676542
12,127,47.8281734838634,42.7494380099238,960.901176968459
12,128,47.0875078344181,42.3162203386832,896.695293221567
12,129,47.7067065836974,43.6016729082885,677.284079682414
12,130,48.4191229269709,43.3423847894636,1382.1548378745
12,131,48.3679591513217,43.6878827284621,1035.92243524324
12,132,47.7048701885696,43.151057497922,877.731073353779
12,133,46.5887542758155,43.5189732981989,831.085198707977
12,134,46.5982844291617,43.1165448496042,713.942110994129
12,135,44.9460848937241,44.7578114836851,1084.09372642445
12,136,45.5476634823493,43.6831100073137,1049.49579810136
12,137,46.4564739854304,44.2326274088492,1106.58579467157
12,138,46.8759010630232,45.7554810858662,986.966766730182
12,139,47.4530110268443,46.20955875801,852.46736659286
12,140,47.705353441592,46.9042254624148,688.56506378238
12,141,47.4696539518588,45.7688526470162,1018.13508702572
12,142,47.3310213922713,45.1754044694523,1238.32546872984
12,143,46.8188702093466,45.4220765191294,1134.95316954216
12,144,46.6719007137876,44.6752904510717,1028.24925363265
12,145,47.1172960417822,43.6302794850371,984.887744027915
12,146,47.3420706729761,43.3839957891559,1029.4164598154
12,147,47.364489558313,43.557081613343,985.797978344902
12,148,48.0360493320636,43.7577840711125,1114.57643155176
12,149,48.0955678358704,43.7740750209729,961.733288694001
12,150,48.3806054149329,44.1419893433065,851.773604957092
12,151,46.7510007134009,44.4732142765382,834.716082557056
12,152,48.1207097174592,44.1352358596062,1106.8978368366
12,153,47.9971353579532,44.051441187315,858.290799210721
12,154,47.00723206076,43.5043574897488,735.249241901588
12,155,48.0732112039996,43.0882162541169,966.855728792606
12,156,49.2161681891831,43.2017559050635,1278.44762758061
12,157,47.6264733542734,43.216260005063,731.541948152455
12,158,47.2154364088272,43.1153291725341,1018.46799769336
12,159,49.0768772076931,43.6268043395902,941.175615558401
12,160,49.1534344164542,43.3235862350223,1030.51679309693
12,161,48.3934091440006,43.773979600962,986.397851404421
12,162,49.0310234093237,43.0615030854107,1054.16339659674
12,163,48.9470554191518,43.673236477644,811.489398877475
12,164,49.2477854147101,44.413666616809,903.290356927992
12,165,49.8491275894701,45.0160514938947,1195.93400605077
12,166,49.5493449012957,45.6166626630213,759.382316965716
12,167,50.8775865790963,46.0224056495696,1173.55968289567
12,168,52.0687843487696,47.480142091581,935.654799810612
12,169,53.0063108535145,46.5085947273412,1119.49543192005
12,170,53.835545146022,46.9438862963713,967.382159629959
12,171,53.9345098787025,45.9790610556959,1095.07217425303
12,172,53.6199836438841,46.8442897604977,991.432945776977
12,173,53.089711380791,47.2453144020112,450.376651459307
12,174,51.0514014271148,47.3363651241354,698.929822196971
12,175,50.2493188249239,47.2954339153827,1383.5354717218
12,176,51.7023241249052,46.8588201432951,1006.91685165331
12,177,51.749338308503,47.7176520368739,1119.89411293937
12,178,52.2528151730617,47.6013230183047,1089.41011364573
12,179,52.2061012016235,48.1487839657509,984.007490229098
12,180,52.6786187971115,48.3828536060942,503.201349420417
12,181,51.9340706227762,48.1416410330534,1377.0273386848
12,182,52.0596977961821,47.8673833675421,1173.1318399402
12,183,51.799941141938,47.9657819298275,968.103892923905
12,184,52.6539113237191,48.2507213665766,1240.78830928086
12,185,53.1159601120236,47.9917907256007,1338.94312371631
12,186,53.516178316021,48.4216603971379,961.229299313079
12,187,54.3631703923961,48.1638063179142,847.815398979467
12,188,54.1126221648242,49.2538724611299,1172.1425682537
12,189,53.7270953583868,48.9359112318689,1122.1537187646
12,190,54.3672459252439,48.7722019235309,1123.25694532961
12,191,54.5124673668336,48.6801883380776,929.725914647501
12,192,53.8811248169666,48.6736462081839,685.090395402255
12,193,53.9828195551093,48.5728981894099,1216.76977183916
12,194,53.9604444504357,48.6737293726071,1068.2029926865
12,195,53.6416296854852,49.1333163776866,1034.09523706421
12,196,53.7728064761301,49.4283868360069,721.841252523948
12,197,54.3409785005017,50.2152916590233,816.126212876499
12,198,55.2650748233558,50.396573853966,971.619005734487
12,199,56.6011132786711,50.3665527470913,1038.40837116204
12,200,56.2899227045771,52.1514217018011,1083.10205019257
